Date,_,Word,Number of  reported results,Number in hard mode,1_try,2_tries,3_tries,4_tries,5_tries,6_tries,X,1,2,3,4,5,6,7,-1,-2,-3,-4,-5,-6,-X
2022/1/7,0,slump,80630,1362,1,3,23,39,24,9,1,0.312365387,3.181818182,23.69945898,39.58019396,24,9.155407493,1.070755999,-0.343817307,0.045454546,0.029144124,0.014504849,0,0.015540749,0.035378
2022/1/8,1,crank,101503,1763,1,5,23,31,24,14,2,0.490105916,5.2,22.1534586,33.33199272,24,11.88157167,3.142871093,-0.254947042,0.033333333,-0.035272558,0.072874773,0,-0.141228555,0.380957031
2022/1/9,2,gorge,91477,1913,1,3,13,27,30,22,4,0.30900603,3.1,15.44180596,32.19056747,30,16.0325796,3.026040932,-0.345496985,0.025,0.174414711,0.18537741,0,-0.259453061,-0.194791814
2022/1/10,3,query,107134,2242,1,4,16,30,30,17,2,0.306603581,2.6,16.47718147,32.60964191,29,15.39094818,3.215624858,-0.34669821,-0.28,0.028069498,0.084181997,-0.032258065,-0.089391768,0.405208286
2022/1/11,4,drink,153880,3017,1,9,35,34,16,5,1,0.769046059,8.05,31.19804704,34.59073062,16,6.289160709,3.103015573,-0.115476971,-0.095,-0.105609804,0.016878018,0,0.214860118,1.051507787
2022/1/12,5,favor ,137586,3073,1,4,15,26,29,21,4,0.453239517,4.5,16.85173116,31.57987589,29,15.16503363,2.450119811,-0.273380242,0.1,0.115733198,0.20666207,0,-0.265225744,-0.309976038
2022/1/13,6,abbey,132726,3345,1,2,13,29,31,20,3,0.277293884,2.666666667,14.98207251,32.26701366,30.36363636,16.31610336,3.127213555,-0.361353058,0.222222222,0.141576608,0.108900455,-0.019886364,-0.17542365,0.031803389
2022/1/14,7,tangy,169484,3985,1,4,21,30,24,15,5,0.392348625,4,21.90375881,34.0185034,24,12.03218137,3.653207791,-0.303825688,0,0.041079946,0.129629142,0,-0.185488664,-0.224465368
2022/1/15,8,panic,205880,4655,1,9,35,34,16,5,1,0.841937854,8.75,29.44999666,33.33189205,17.85714286,7.37533513,2.393695449,-0.079031073,-0.025,-0.154166759,-0.019088799,0.109243698,0.395889188,0.696847725
2022/1/16,9,solar,209609,4955,1,9,32,32,18,7,1,0.866720384,9.1,29.36451082,33.1003966,18,7.429344336,2.239027857,-0.066639808,0.01,-0.079863308,0.033345352,0,0.053668042,0.619513929
2022/1/17,10,shire,222197,5640,1,8,32,32,18,8,2,0.769763909,8,28.76968586,33.64721581,18.33333333,7.793831178,2.686169913,-0.115118046,0,-0.097888307,0.049915631,0.017543859,-0.022907647,0.228723304
2022/1/18,11,proxy,220950,6206,1,2,11,24,31,26,6,0.213651188,2,14.15673066,32.45800372,31,16.82482073,3.346793704,-0.393174406,0,0.263060888,0.338320149,0,-0.339821454,-0.379029471
2022/1/19,12,point,280622,7094,1,16,37,28,12,4,1,1.536606724,16,37.32466241,30.80926845,12,2.525287895,-0.195825474,0.268303362,0,0.008543748,0.096871326,0,-0.294942421,-0.597912737
2022/1/20,13,robot,243964,6589,1,8,29,34,20,8,1,0.752044149,7.777777778,26.98857117,33.10131634,20,8.896685703,2.483604858,-0.123977926,-0.024691358,-0.067047628,-0.025676676,0,0.099631745,0.741802429
2022/1/21,14,prick,273727,7409,1,8,30,33,19,7,1,0.771365542,8,28.07943552,33.36783285,19,8.221585459,2.559780629,-0.114317229,0,-0.061953693,0.010818613,0,0.152698182,0.779890315
2022/1/22,15,wince,241489,6850,1,3,17,33,29,15,3,0.306603581,3,16.47718147,32.60964191,29,15.39094818,3.215624858,-0.34669821,0,-0.029045474,-0.01148112,0,0.024434261,0.053906215
2022/1/23,16,crimp,269929,7630,1,5,28,38,20,7,1,0.456980815,4.75,25.83431434,35.01873565,20.38461538,9.599479727,3.955874078,-0.271509593,-0.041666667,-0.074678816,-0.076442676,0.018315018,0.324934966,1.477937039
2022/1/24,17,knoll,258038,8317,1,1,11,29,33,21,4,0.220858536,2,11.05060413,31.20078042,34,18.74971499,2.778041926,-0.389570732,0.5,0.004217011,0.073359347,0.029411765,-0.102285682,-0.244391615
2022/1/25,18,sugar,276404,8708,1,6,25,34,23,9,1,0.631036035,6.5,24.98702512,33.29752848,21.625,10.13178249,2.82762787,-0.184481983,0.071428571,-0.000499034,-0.020070615,-0.057291667,0.113178249,0.913813935
2022/1/26,19,whack,302348,10163,1,4,22,37,24,10,2,0.392348625,4,21.90375881,34.0185034,24,12.03218137,3.653207791,-0.303825688,0,-0.0041844,-0.078460437,0,0.184743761,0.551069264
2022/1/27,20,mount,331844,11451,1,9,29,33,19,7,1,0.771365542,8,28.07943552,33.36783285,19,8.221585459,2.559780629,-0.114317229,-0.1,-0.030685483,0.010818613,0,0.152698182,0.779890315
2022/1/28,21,perky,296968,11148,1,4,17,30,27,17,4,0.301798682,3,18.54793249,33.44779078,27,14.10768534,3.594792711,-0.349100659,-0.2,0.085996249,0.111219057,0,-0.160684148,-0.081041458
2022/1/29,22,could,313220,11592,1,7,29,35,20,8,1,0.6760107,7,26.79436022,33.6352691,20,9.013826582,2.880533401,-0.16199465,0,-0.073521326,-0.037909192,0,0.112647398,0.940266701
2022/1/30,23,wrung,294687,11524,0,2,18,39,27,12,2,0.204041391,2,18.2982327,34.13430146,27,14.25829504,4.105129409,0.204041391,0,0.015696458,-0.121642464,0,0.173715003,0.701709803
2022/1/31,24,light,341314,13347,1,10,25,27,19,12,5,0.966880124,10,28.5788351,31.99481149,19,7.920366056,1.539107232,-0.016559938,0,0.137647504,0.178386125,0,-0.313817996,-0.576815461
2022/2/1,25,those,351663,13606,1,13,34,30,15,6,1,1.250542199,13,33.46943651,31.61157718,15,4.902011264,0.766432842,0.1252711,0,-0.015158957,0.051986361,0,-0.156855534,-0.116783579
2022/2/2,26,moist,361908,14205,3,13,32,29,16,7,1,1.255003891,13,31.54659628,30.83329609,16.85714286,6.093612476,0.414348408,-0.436249027,0,-0.013739507,0.06110987,0.050420168,-0.113298441,-0.292825796
2022/2/3,27,shard,358176,14609,1,7,22,28,25,14,4,0.6863271,7,22.34833597,31.83571417,24.29411765,11.76906739,2.066437718,-0.15683645,0,0.015145042,0.132266006,-0.027149321,-0.148728841,-0.386712456
2022/2/4,28,pleat,359679,14813,1,10,28,31,19,9,2,0.912491385,9.413793103,27.17521767,31.88837268,20.21428571,8.78777837,1.608061071,-0.043754308,-0.053291536,-0.02844077,0.027761646,0.060714285,-0.021222163,-0.13064631
2022/2/5,29,aloft,319698,13708,1,4,22,36,25,11,2,0.402165837,4.125,22.97034679,34.351764,23,11.37172374,3.77899963,-0.298917082,0.025,0.042188991,-0.044546919,-0.076923077,0.030976978,0.592999877
2022/2/6,30,skill,311018,13716,1,3,17,33,27,16,3,0.322379164,3.210526316,18.60050087,33.30326221,27,14.07597803,3.487353406,-0.338810418,0.052631579,0.088916715,0.008919477,0,-0.113177763,0.121838352
2022/2/7,31,elder,288228,13340,1,3,13,24,30,24,5,0.307204193,3,16.21833759,32.5048733,29.25,15.55135604,3.168228877,-0.346397904,0,0.229881256,0.340194932,-0.024193548,-0.337945758,-0.305295187
2022/2/8,32,frame,336236,15369,1,10,20,24,24,17,3,0.976489921,10,24.43733306,30.31851375,23,10.48689174,0.780771527,-0.01175504,0,0.211301574,0.25274055,-0.04,-0.361839348,-0.554807118
2022/2/9,33,humor,305372,13846,1,5,22,34,25,11,2,0.565826333,5.75,21.30535793,32.39803527,25,12.41024582,2.570534643,-0.217086834,0.125,-0.030201829,-0.045770421,0,0.117520485,0.190178214
2022/2/10,34,pause,304830,13480,1,8,26,32,21,10,2,0.650975492,6.666666667,23.45708964,32.54701491,23.14285714,11.08058571,2.454810437,-0.174512254,-0.148148148,-0.094181865,0.016576209,0.097402597,0.098235065,0.151603479
2022/2/11,35,ulcer,278826,10631,1,4,18,30,28,16,3,0.401958422,4,17.76225677,32.34220566,28,14.59870706,2.894872086,-0.299020789,0,-0.012512802,0.075555021,0,-0.082428996,-0.026281979
2022/2/12,36,ultra,269885,9310,1,7,23,34,24,10,1,0.650632285,6.666666667,23.60500043,32.60688269,23,10.98892408,2.481893855,-0.174683858,-0.041666667,0.025208351,-0.039803352,-0.04,0.089902189,0.740946928
2022/2/13,37,robin,277471,3249,1,6,29,34,21,8,1,0.59075897,6.092307692,25.06716542,33.65105531,21.44927536,10.08043446,3.069002783,-0.204620515,0.013186813,-0.131094486,-0.009969848,0.020421607,0.231159384,1.034501392
2022/2/14,38,cynic,261521,10343,1,6,25,33,22,11,2,0.534179663,5.5,24.34905952,33.82688625,22,10.52300398,3.266870596,-0.232910169,-0.071428571,-0.025036172,0.024320184,0,-0.039749668,0.422290199
2022/2/15,39,aroma,287836,10343,1,6,25,33,22,11,2,0.582114489,6,24.88066408,33.64826729,21.60714286,10.19562964,3.086181647,-0.208942756,0,-0.004589843,0.019066685,-0.017080745,-0.067030863,0.362060549
2022/2/16,40,caulk,289721,10740,1,4,20,31,26,15,3,0.397153524,4,19.83300779,33.18035453,26,13.31544422,3.274039939,-0.301423238,0,-0.00795201,0.068136079,0,-0.105284736,0.068509985
2022/2/17,41,shake,342003,12767,1,6,16,23,24,21,9,0.586421737,6,23.0243837,32.8969267,23.4,11.34598312,2.74628475,-0.206789132,0,0.413199041,0.412371946,-0.024,-0.438818949,-0.625371525
2022/2/18,42,dodge,265238,10220,1,3,15,29,27,19,7,0.301798682,3,18.54793249,33.44779078,27,14.10768534,3.594792711,-0.349100659,0,0.221745781,0.148259693,0,-0.244615733,-0.425650911
2022/2/19,43,swill,282327,11241,1,1,8,19,31,30,10,0.213651188,2,14.15673066,32.45800372,31,16.82482073,3.346793704,-0.393174406,0.5,0.684081184,0.672900186,0,-0.425005783,-0.604836936
2022/2/20,44,tacit,273306,11094,1,4,21,32,26,14,3,0.205757426,2,17.55867876,33.83496258,27.71428571,14.7166032,3.969712319,-0.397121287,-0.4,-0.156423693,0.055604927,0.063492063,0.047773547,0.24242808
2022/2/21,45,other,278731,10887,1,9,26,30,21,10,2,0.873927731,9,26.25838429,31.8431733,21,9.3542386,1.670276078,-0.063036135,0,0.009569789,0.059457203,0,-0.058705582,-0.109907974
2022/2/22,46,thorn,306356,11814,1,14,38,30,12,4,0,1.341092142,14,36.82526283,32.18228981,12,2.826507298,0.824847922,0.170546071,0,-0.030121466,0.070396445,0,-0.23469854,0.824847922
2022/2/23,47,trove,277576,11411,1,5,16,24,25,22,8,0.542243138,5.533333333,22.28663182,32.96585369,24,11.8012465,2.87069152,-0.228878431,0.088888889,0.369801872,0.358634148,-0.038461538,-0.443424065,-0.569923164
2022/2/24,48,bloke,250674,10405,1,6,21,32,25,12,2,0.590265656,6,21.36778288,32.2264076,25,12.37259339,2.442950468,-0.204867172,0,0.016717404,0.006860836,0,0.02866103,0.147650156
2022/2/25,49,vivid,255907,11687,1,2,10,29,33,21,4,0.218456087,2,12.08597964,31.61985485,33,18.10808357,2.967625852,-0.390771957,0,0.189634513,0.087328495,0,-0.131450747,-0.20647483
2022/2/26,50,spill,248363,10087,1,5,26,34,22,10,2,0.486101834,5,23.87908445,34.03045011,22.33333333,10.81218597,3.458844303,-0.256949083,0,-0.078552428,0.000870003,0.014492753,0.073835088,0.486281434
2022/2/27,51,chant,250413,10438,1,9,33,33,16,7,1,0.861915485,9,31.43526184,33.93854547,16,6.146081493,2.618195709,-0.069042258,0,-0.046021711,0.027604279,0,-0.106739813,0.809097855
2022/2/28,52,choke,251094,10521,1,8,30,36,18,6,1,0.697866881,7.272727273,28.93321118,34.28618778,18,7.689488366,3.120518518,-0.15106656,-0.080808081,-0.034412543,-0.046319249,0,0.241355481,1.060259259
2022/3/1,53,rupee,240137,10577,1,2,17,35,30,13,2,0.211248739,2,15.19210617,32.87707815,30,16.18318931,3.536377631,-0.394375631,0,-0.100438546,-0.058970051,0,0.227370665,0.512125877
2022/3/2,54,nasty,257304,10813,1,7,26,31,21,11,2,0.672614987,6.909090909,24.40508765,32.73979474,22.28571429,10.49410448,2.493592958,-0.163692507,-0.011363636,-0.059070828,0.054368586,0.058441559,-0.04215796,0.164530986
2022/3/3,55,mourn,240018,10465,1,8,29,34,19,8,1,0.6760107,7,26.79436022,33.6352691,20,9.013826582,2.880533401,-0.16199465,-0.111111111,-0.073521326,-0.010420883,0.05,0.112647398,0.940266701
2022/3/4,56,ahead,203730,9396,1,5,20,35,26,12,2,0.497313264,5,19.04733207,32.07476942,27,13.80646594,2.574119314,-0.251343368,0,-0.04536514,-0.081256405,0.037037037,0.138958918,0.191373105
2022/3/5,57,brine,229895,10405,1,9,25,29,22,12,3,0.876330181,9,25.22300878,31.42409886,22,9.995870022,1.480692152,-0.06183491,0,0.008577261,0.080803295,0,-0.154163844,-0.379826962
2022/3/6,58,cloth,218595,9911,1,8,33,34,17,7,1,0.674913183,7.0625,29.91609299,34.84958548,17,7.079519211,3.417389136,-0.162543409,-0.104166667,-0.090703147,0.024273871,0,0.009939901,1.208694568
2022/3/7,59,hoard,218595,9823,1,9,30,34,19,7,1,0.777015159,8.05,27.76363071,33.20063006,19.31707317,8.417499083,2.474151817,-0.111492421,-0.095,-0.072140945,-0.022839141,0.015853659,0.177187385,0.737075909
2022/3/8,60,sweet,207473,9767,1,5,18,31,28,15,2,0.499715713,5,18.01195656,31.65569498,28,14.44809736,2.384535388,-0.250142144,0,0.000629293,0.020490468,0,-0.034493915,0.128178463
2022/3/9,61,month,201799,9435,1,5,26,37,22,8,1,0.585460757,6,23.4385339,33.06455647,23,11.08933055,2.822118321,-0.207269622,0.166666667,-0.094869115,-0.103564303,0.043478261,0.34325895,0.911059161
2022/3/10,62,lapse,208884,9960,0,8,31,34,19,7,1,0.771365542,8,28.07943552,33.36783285,19,8.221585459,2.559780629,0.771365542,0,-0.09126764,-0.018061919,0,0.152698182,0.779890315
2022/3/11,63,watch,226349,12400,1,6,14,18,17,24,20,0.64436403,6.75,29.8380618,35.06412007,17,7.126584743,3.576869354,-0.177817985,0.107142857,1.055870787,0.898111583,0,-0.67493661,-0.78205384
2022/3/12,64,today,192049,9353,1,7,29,35,20,7,1,0.634114719,6.571428571,26.68734602,33.92948796,20,9.078373597,3.099249129,-0.182942641,-0.053571429,-0.077088466,-0.029736446,0,0.2597967,1.049624565
2022/3/13,65,focus,179436,8937,1,4,23,36,24,10,1,0.492508365,5,21.11808309,32.91291828,25,12.52320309,2.953287167,-0.253745818,0.2,-0.078413205,-0.083434641,0.04,0.229382099,0.976643584
2022/3/14,66,smelt,185406,9373,0,5,19,33,28,13,2,0.595070555,6,19.29703186,31.38825873,27,13.65585623,2.063782616,0.595070555,0.166666667,0.014851593,-0.047404155,-0.034482759,0.046846874,0.021260872
2022/3/15,67,tease,202855,10024,1,16,32,30,16,6,1,1.546216521,16,33.18316037,29.13297071,16,5.091813581,-0.954161179,0.273108261,0,0.035853345,-0.027968687,0,-0.129740917,-0.97708059
2022/3/16,68,cater,217856,11234,1,7,19,22,19,18,15,0.693159709,7.2,27.87967569,33.91704139,19,8.34207322,2.968049988,-0.153420146,0.025,0.443983785,0.518132234,0,-0.508311936,-0.751996876
2022/3/17,69,movie,169071,8847,1,5,18,30,26,16,3,0.60075797,6.111111111,21.55481584,32.21460163,24.84615385,12.25714645,2.415413149,-0.199621015,0.185185185,0.187095571,0.071438762,-0.042735043,-0.220167856,-0.146146713
2022/3/18,70,saute,179830,9304,1,8,31,34,19,6,1,0.768963093,8,29.11481103,33.78690728,18,7.579954038,2.749364555,-0.115518454,0,-0.058912155,-0.006088363,-0.05,0.22570772,0.874682278
2022/3/19,71,allow,156311,8515,0,5,21,32,26,14,3,0.455807898,4.6,19.98282766,32.76844812,26,13.2250784,2.96783792,0.455807898,-0.066666667,-0.046235106,0.023286307,0,-0.05166144,-0.00804052
2022/3/20,72,renew,154987,8417,0,4,20,33,27,13,2,0.301798682,3,18.54793249,33.44779078,27,14.10768534,3.594792711,0.301798682,-0.2,-0.069146072,0.013170317,0,0.079120381,0.53159757
2022/3/21,73,their,173636,9200,2,14,36,30,13,4,0,1.343494591,14,35.78988732,31.76321537,13,3.46813872,0.635263996,-0.218835136,0,-0.005678721,0.056877915,0,-0.106372256,0.635263996
2022/3/22,74,slosh,160161,8807,0,2,19,36,27,13,2,0.206604004,2,17.19383216,33.68728873,28.06666667,14.94270189,3.902906555,0.206604004,0,-0.090308392,-0.06250571,0.038095238,0.138764421,0.634302185
2022/3/23,75,purge,156785,8555,1,4,22,35,26,11,2,0.396192544,4,20.24715799,33.3479843,25.6,13.05879165,3.349873509,-0.301903728,0,-0.076210522,-0.045889325,-0.014814815,0.171565971,0.449957836
2022/3/24,76,chest,169066,9318,1,14,35,31,14,5,1,1.346697857,14,34.40938664,31.20444946,14.33333333,4.323647282,0.382485428,0.173348929,0,-0.016405927,0.006389046,0.022222222,-0.112725453,-0.308757286
2022/3/25,77,depot,150197,8562,0,5,29,36,20,7,1,0.482898568,5,25.25958513,34.58921602,21,9.956677407,3.711622872,0.482898568,0,-0.124680496,-0.038129297,0.047619048,0.369584676,1.355811436
2022/3/26,78,epoxy,149507,9376,0,2,13,31,33,18,3,0.313810929,3,13.37105494,31.3524186,32,17.31584245,2.64687308,0.313810929,0.333333333,0.026503924,0.011013081,-0.029411765,-0.036008292,-0.08828173
2022/3/28,79,found,173696,10613,1,6,17,22,20,21,14,0.589115331,6.111111111,26.57240485,34.24550081,20,9.147701873,3.334166022,-0.205442335,0.015873016,0.531800269,0.532413079,0,-0.538740824,-0.711055599
2022/3/29,80,shall,149070,8494,0,3,17,30,28,17,4,0.387993095,3.857142857,17.72658537,32.44027862,28,14.62022273,2.967777329,0.387993095,0.214285714,0.040365854,0.078718665,0,-0.132209848,-0.206444534
2022/3/30,81,stove,158139,9318,0,5,16,24,27,21,6,0.59045046,6,21.28813861,32.19417111,25.07692308,12.42194965,2.428367089,0.59045046,0.166666667,0.311066977,0.327766844,-0.068681319,-0.38991138,-0.510233273
2022/3/31,82,lowly,135219,8469,0,2,9,26,32,24,8,0.216053638,2,13.12135515,32.03892928,32,17.46645215,3.157209778,0.216053638,0,0.412135515,0.223664047,0,-0.261341914,-0.538087802
2022/4/1,83,snout,144648,8913,1,4,19,27,26,18,5,0.492379341,5.023255814,22.15926557,33.31602735,24,11.87806912,3.131002798,-0.25381033,0.204651163,0.157963279,0.225572405,-0.074074074,-0.322206888,-0.311499534
2022/4/2,84,trope,155079,9315,1,16,33,28,15,6,1,1.547932556,16,32.44360643,28.83363183,16.71428571,5.550121739,-1.089578269,0.273966278,0,-0.016364517,0.028745925,0.107142857,-0.064268323,-1.044789135
2022/4/3,85,fewer,124532,7931,0,2,10,24,32,26,6,0.215710431,2,13.26926594,32.09879706,31.85714286,17.37479052,3.184293196,0.215710431,0,0.297205995,0.323951882,-0.004329004,-0.319452203,-0.402243829
2022/4/4,86,shawl,129651,7943,0,3,16,31,30,16,3,0.341591794,3.333333333,15.52503922,31.96173058,30,15.98237637,2.855928699,0.341591794,0.083333333,-0.027938869,0.030054081,0,-0.001036684,-0.036017825
2022/4/5,87,natal,121356,7702,0,2,14,32,32,17,3,0.311888969,3,14.19935535,31.68767815,31.2,16.80253731,2.798540221,0.311888969,0.333333333,0.013290357,-0.009464298,-0.024242424,-0.010970149,-0.050364945
2022/4/6,88,comma,117856,7560,0,2,13,33,33,17,3,0.316213378,3,12.33567943,30.93334417,33,17.95747387,2.457289153,0.316213378,0.333333333,-0.047451469,-0.060783995,0,0.053192993,-0.135677712
2022/4/7,89,foray,117761,7575,0,2,14,31,31,19,4,0.311408479,3,14.40643045,31.77149304,31,16.67421103,2.836457006,0.311408479,0.333333333,0.027095363,0.024109158,0,-0.116289449,-0.232708599
2022/4/8,90,scare,141158,9010,1,12,23,26,21,13,4,1.167199604,12,27.00748366,29.78364126,21,8.902409495,0.139265983,0.083599802,0,0.166978486,0.140134861,0,-0.292685036,-0.772146803
2022/4/9,91,stair,134210,8537,2,21,36,26,11,4,1,2.022990729,21,39.60853687,27.79578948,11,1.130607964,1,0.007663576,0,0.097528024,0.066510721,0,-0.573878407,0
2022/4/10,92,black,126241,7894,1,10,31,34,18,6,1,0.886271842,9.2,29.41445078,32.96309447,18,7.399222395,2.136960517,-0.056864079,-0.072727273,-0.049548413,-0.029625872,0,0.199888914,0.568480259
2022/4/11,93,squad,109828,7236,0,3,20,33,27,14,2,0.340903421,3.416666667,19.35335748,33.44563379,26.32258065,13.61027775,3.510580241,0.340903421,0.104166667,-0.030792501,0.013106876,-0.024193548,-0.025981483,0.503526747
2022/4/12,94,royal,114907,7275,1,5,24,36,23,9,1,0.487436528,5,23.30387583,33.79763098,22.88888889,11.16864787,3.3535199,-0.256281736,0,-0.027844967,-0.059523487,-0.00462963,0.216864787,1.17675995
2022/4/13,95,chunk,123255,7835,1,4,29,42,18,5,1,0.377933929,4,28.11601187,36.53295001,18,8.182392845,4.790711349,-0.311033036,0,-0.029466271,-0.127140697,0,0.530398808,1.895355675
2022/4/14,96,mince,113448,7356,0,6,24,35,24,10,1,0.587863207,6,22.40315839,32.64548204,24,11.73096197,2.632534394,0.587863207,0,-0.063873664,-0.065403277,0,0.157360179,0.816267197
2022/4/15,97,shame,129991,8522,1,11,22,25,21,15,5,0.980312029,10.10526316,27.2511667,31.37452679,20.30769231,8.743568877,1.237470138,-0.009843985,-0.074561403,0.228311596,0.245174107,-0.031468531,-0.391026945,-0.62708831
2022/4/16,98,cheek,107987,7035,0,3,19,40,28,9,1,0.208214066,2,16.49994892,33.40643533,28.73684211,15.37270751,3.775852064,0.208214066,-0.25,-0.125002554,-0.16081865,0.025408349,0.637270751,1.387926032
2022/4/17,99,ample,106681,7008,0,4,20,35,27,11,2,0.494910814,5,20.08270758,32.49384385,26,13.16483451,2.76370324,0.494910814,0.2,0.003938456,-0.069615449,-0.035714286,0.180402876,0.254567747
2022/4/18,100,flair,112383,7341,1,8,30,36,18,6,1,0.770164317,8,28.59712328,33.57737007,18.5,7.900769748,2.654572592,-0.114917842,0,-0.045254088,-0.065476485,0.026315789,0.271538535,0.827286296
2022/4/19,101,foyer,108899,8198,0,2,10,19,19,23,26,0.252254453,2.666666667,25.77323224,36.63480015,19.94117647,9.628725598,5.103144423,0.252254453,0.222222222,1.433930204,0.881740008,0.047058823,-0.557136433,-0.773957614
2022/4/20,102,cargo,102007,6796,0,5,20,34,27,12,2,0.525459968,5.3125,20.16073876,32.27930926,26,13.11776898,2.604223022,0.525459968,0.052083333,0.007654227,-0.049162593,-0.035714286,0.085982229,0.201407674
2022/4/21,103,oxide,97955,6960,0,2,11,30,33,21,4,0.288282723,2.714285714,12.26433663,31.12949008,33,18.00050521,2.603099639,0.288282723,0.238095238,0.105361386,0.036435164,0,-0.136340672,-0.279380072
2022/4/22,104,plant,119232,7731,2,19,39,28,10,3,0,1.825073698,19,40.1445128,29.58788527,10,0.790195946,1.347667717,-0.058308767,0,0.02861282,0.054754664,0,-0.552451014,1.347667717
2022/4/23,105,olive,95562,6482,1,6,25,34,23,10,1,0.583973527,6,24.07948064,33.3239835,22.38095238,10.69213014,2.939479799,-0.208013237,0,-0.035404591,-0.019314757,-0.025793651,0.062920922,0.9697399
2022/4/24,106,inert,97452,6743,0,7,27,34,22,9,1,0.680815599,7,24.7236092,32.79712023,22,10.29708943,2.501365549,0.680815599,0,-0.081299671,-0.034367993,0,0.129708943,0.750682775
2022/4/25,107,askew,91548,6549,0,3,13,29,32,19,4,0.313810929,3,13.37105494,31.3524186,32,17.31584245,2.64687308,0.313810929,0,0.026503924,0.078413953,0,-0.084207877,-0.270625384
2022/4/26,108,heist,103153,6830,1,13,32,31,16,6,1,1.25694873,13,30.70843515,30.49404536,17.66666667,6.613028388,0.260875706,0.128474365,0,-0.039138329,-0.015811083,0.098039216,0.087575484,-0.369562147
2022/4/27,109,shown,98967,6564,0,6,26,36,22,8,1,0.582134289,6,24.87213076,33.64481338,21.61538462,10.20091781,3.084619142,0.582134289,0,-0.041772935,-0.063653692,-0.016722408,0.244546423,1.042309571
2022/4/28,110,zesty,88974,6315,0,2,12,27,30,22,7,0.210768249,2,15.39918127,32.96089304,29.8,16.05486302,3.574294416,0.210768249,0,0.261475482,0.212889037,-0.006451613,-0.258484217,-0.428213198
2022/4/30,111,larva,77991,5749,0,2,10,25,35,23,4,0.220858536,2,11.05060413,31.20078042,34,18.74971499,2.778041926,0.220858536,0,0.095509466,0.238491555,-0.027777778,-0.177095209,-0.244391615
2022/5/1,112,forgo,77658,5699,0,1,9,26,37,23,3,0.228065884,2,7.944477601,29.94355711,37,20.67460926,2.209290147,0.228065884,0.5,-0.10555224,0.146057671,0,-0.096891281,-0.197677463
2022/5/2,113,story,95643,6530,1,10,23,29,24,11,2,0.978652125,10,23.5054951,29.94134676,23.9,11.06436002,0.610145994,-0.010673938,0,0.021062296,0.031378225,-0.004,0.005363335,-0.463284669
2022/5/3,114,hairy,85817,5941,1,8,24,33,23,10,1,0.707657371,7.25,23.75065864,32.20641812,23,10.90106842,2.184197448,-0.146171315,-0.083333333,-0.009973654,-0.023340644,0,0.081915311,0.592098724
2022/5/4,115,train,107750,7243,6,26,32,22,10,3,0,2.509374734,26,41.89241133,24.78231051,10,-0.264071966,-4.920024605,-0.498660752,0,0.29977004,0.120970022,0,-0.816017992,-4.920024605
2022/5/5,116,homer,85979,6313,0,3,16,26,24,19,12,0.400653942,4.088235294,22.06384121,34.01380552,23.86666667,11.93334143,3.633455939,0.400653942,0.272058824,0.356696542,0.296807612,-0.005333333,-0.353332929,-0.643580312
2022/5/6,117,badge,76292,5482,0,4,20,35,26,12,2,0.492241426,5,21.23312481,32.95948211,24.88888889,12.45191071,2.974352047,0.492241426,0.2,0.058720229,-0.056681052,-0.041152263,0.034762362,0.324784016
2022/5/7,118,midst,74458,5233,0,3,25,39,24,9,1,0.334221568,3.454545455,23.83830995,35.23111264,22,10.83106928,4.310741115,0.334221568,0.113636364,-0.044680387,-0.094222184,-0.08,0.183106928,1.655370558
2022/5/8,119,canny,72518,5256,0,2,10,30,34,20,4,0.220858536,2,11.05060413,31.20078042,34,18.74971499,2.778041926,0.220858536,0,0.095509466,0.038734852,0,-0.059537381,-0.244391615
2022/5/9,120,shine,88932,6146,1,14,32,30,17,6,1,1.354439083,14,31.07317666,29.8540985,17.55555556,6.391126306,0.228396112,0.177219542,0,-0.028085556,-0.0047065,0.030864198,0.055875187,-0.385801944
2022/5/10,121,gecko,74412,5489,0,2,16,38,29,12,2,0.211248739,2,15.19210617,32.87707815,30,16.18318931,3.536377631,0.211248739,0,-0.047523166,-0.131356971,0.033333333,0.321783793,0.512125877
2022/5/11,122,farce,79446,5688,0,9,26,32,21,9,1,0.873927731,9,26.25838429,31.8431733,21,9.3542386,1.670276078,0.873927731,0,0.009569789,-0.004752324,0,0.03542386,0.335138039
2022/5/12,123,slung,75673,5419,0,2,16,37,31,13,2,0.311408479,3,14.40643045,31.77149304,31,16.67421103,2.836457006,0.311408479,0.333333333,-0.093739385,-0.137592288,0,0.262443645,0.278819002
2022/5/13,124,tipsy,77585,5522,0,6,33,38,17,5,1,0.474489995,5,28.88339942,36.05597654,17.5,7.710967432,4.375166613,0.474489995,-0.142857143,-0.121076488,-0.049846755,0.027777778,0.451827905,1.687583307
2022/5/14,125,metal,73225,5290,1,10,31,34,18,7,1,0.964477674,10,29.61421061,32.41388592,18,7.278734634,1.728691158,-0.017761163,0,-0.043305918,-0.045317545,0,0.034841829,0.364345579
2022/5/15,126,yield,67115,4963,0,4,16,29,29,18,4,0.411880663,4.076923077,16.74608894,31.87032271,29,15.22875312,2.666031491,0.411880663,0.015384615,0.043887585,0.095677424,0,-0.145855099,-0.266793702
2022/5/16,127,delve,68349,5179,0,2,14,32,33,16,2,0.213651188,2,14.15673066,32.45800372,31,16.82482073,3.346793704,0.213651188,0,0.010448711,0.013878901,-0.058823529,0.048518866,0.448931235
2022/5/17,128,being,70722,5142,0,4,22,37,26,10,1,0.478617933,4.833333333,20.04109095,32.6082623,26,13.18993613,2.848759357,0.478617933,0.166666667,-0.085169959,-0.115572045,0,0.289994194,0.924379679
2022/5/18,129,scour,73933,5544,0,8,34,35,17,5,1,0.696652603,7.25,28.49334646,34.1260494,18.41935484,7.961982555,3.052614142,0.696652603,-0.083333333,-0.157332958,-0.024276406,0.078853047,0.493663759,1.026307071
2022/5/19,130,glass,70920,5162,0,4,19,33,27,14,3,0.415848855,4.166666667,18.83924891,32.64686165,27,13.93197402,2.999399896,0.415848855,0.033333333,-0.008037555,-0.010386422,0,-0.004535065,-0.000150026
2022/5/20,131,gamer,69884,5238,1,4,17,28,26,18,6,0.479988398,4.875,21.21629256,33.05111642,24.875,12.46182538,3.040777245,-0.260005801,0.175,0.234238476,0.174176428,-0.041666667,-0.291482875,-0.422746108
2022/5/21,132,scrap,66814,4973,1,9,28,34,20,8,1,0.873527323,9,26.43094688,31.91301904,20.83333333,9.24730003,1.701873399,-0.063236339,0,-0.05410528,-0.059628027,0.03968254,0.138588892,0.3509367
2022/5/22,133,money,67909,4928,1,7,26,36,21,8,1,0.67841315,7,25.75898471,33.21619466,21,9.655458004,2.690949475,-0.160793425,0,-0.008926492,-0.075237982,0,0.183939778,0.845474738
2022/5/23,134,hinge,66431,4906,0,5,25,37,22,9,2,0.528388335,5.444444444,24.49049363,33.9278869,21.85,10.43512647,3.323660224,0.528388335,0.074074074,-0.019596399,-0.080845082,-0.006521739,0.143512647,0.441220075
2022/5/24,135,album,63380,4809,0,5,26,35,24,9,1,0.491650348,5,21.48786006,33.06258773,24.64285714,12.29404901,3.020995712,0.491650348,0,-0.167116294,-0.053817008,0.025714286,0.329404901,1.010497856
2022/5/25,136,vouch,62723,4835,0,2,9,25,33,24,6,0.218456087,2,12.08597964,31.61985485,33,18.10808357,2.967625852,0.218456087,0,0.308597964,0.254609802,0,-0.235676657,-0.433196307
2022/5/26,137,asset,63188,4733,0,7,28,34,21,8,1,0.67841315,7,25.75898471,33.21619466,21,9.655458004,2.690949475,0.67841315,0,-0.077276389,-0.022394438,0,0.183939778,0.845474738
2022/5/27,138,tiara,63846,4842,0,8,36,33,17,6,1,0.766560643,8,30.15018654,34.20598172,17,6.938322616,2.938948481,0.766560643,0,-0.158103066,0.035470051,0,0.134046088,0.969474241
2022/5/28,139,crept,60069,4562,0,4,27,38,22,7,1,0.484074235,5,24.75291201,34.38413704,21.4893617,10.27066725,3.618847759,0.484074235,0.2,-0.080253143,-0.092714435,-0.022201665,0.408833406,1.30942388
2022/5/29,140,bayou,56839,4435,0,6,17,33,29,13,2,0.550996808,5.5,17.10143095,30.89336521,29,15.01442393,1.939783113,0.550996808,-0.071428571,0.005635053,-0.061959847,0,0.143887424,-0.020072296
2022/5/30,141,atoll,60969,4741,0,6,28,36,21,8,1,0.580655859,6,25.50928492,33.90270534,21,9.806067706,3.201286173,0.580655859,0,-0.085886727,-0.056683639,0,0.20067419,1.100643087
2022/5/31,142,manor,62768,4802,0,6,27,34,21,10,2,0.653973827,6.75,25.69655976,33.38782233,21,9.693110429,2.818533649,0.653973827,0.107142857,-0.046551437,-0.017490791,0,-0.027899052,0.27284455
2022/6/1,143,creak,63241,4797,0,5,21,32,25,14,3,0.537723275,5.5,22.82188064,33.20875146,23.475,11.46941032,2.987234305,0.537723275,0.083333333,0.082812756,0.036628832,-0.058653846,-0.168705979,-0.003191424
2022/6/2,144,showy,61278,4770,0,2,16,37,30,13,2,0.210694328,2,15.43103898,32.97378764,29.76923077,16.03512052,3.580127767,0.210694328,0,-0.033468295,-0.105952957,-0.007444169,0.216794323,0.526709256
2022/6/3,145,peach,65431,4957,1,13,38,32,13,3,0,1.2457373,13,35.54018753,32.44972605,13,3.618748421,1.145600695,0.12286865,0,-0.063072115,0.013628062,0,0.154687105,1.145600695
2022/6/4,146,froth,58263,4432,0,5,22,35,25,11,1,0.515986708,5.25,21.59465824,32.90892039,24.6,12.2288981,2.901536563,0.515986708,0.041666667,-0.017623555,-0.058085545,-0.015384615,0.102408175,0.950768282
2022/6/5,147,depth,56738,4329,0,6,28,39,20,6,1,0.615994793,6.380952381,26.42408093,33.97294472,20.20833333,9.240734372,3.156959468,0.615994793,0.054421769,-0.054342037,-0.125676382,0.009920635,0.462962053,1.078479734
2022/6/6,148,gloom,58478,4548,0,2,14,35,35,13,1,0.223260986,2,10.01522862,30.78170598,35,19.39134641,2.588457999,0.223260986,0,-0.265651425,-0.117174834,0,0.456524744,0.794229
2022/6/7,149,flood,58991,4440,0,3,20,40,28,8,1,0.304201131,3,17.51255698,33.02871634,28,14.74931676,3.405208785,0.304201131,0,-0.118449668,-0.170031309,0,0.749924084,1.202604393
2022/6/8,150,trait,61026,4607,0,6,22,35,24,11,2,0.470554458,4.8,22.10351864,33.46929485,24,11.91169361,3.244938433,0.470554458,-0.171428571,0.00450081,-0.042519588,0,0.075974468,0.414979478
2022/6/9,151,girth,60020,4665,0,6,23,33,23,12,3,0.585460757,6,23.4385339,33.06455647,23,11.08933055,2.822118321,0.585460757,0,0.018272246,0.00189872,0,-0.070051496,-0.04447042
2022/6/10,152,piety,55376,4324,0,4,25,41,22,7,1,0.388230141,4,23.67868826,34.73691672,22.28571429,10.93224179,3.978208808,0.388230141,0,-0.050819682,-0.14912103,0.01242236,0.491530224,1.489104404
2022/6/11,153,goose,51958,4087,0,2,12,28,32,21,5,0.216053638,2,13.12135515,32.03892928,32,17.46645215,3.157209778,0.216053638,0,0.086258088,0.139273423,0,-0.160615811,-0.307131704
2022/6/12,154,float,56684,4323,1,12,30,32,18,6,1,1.164090552,12,28.34738138,30.32597288,19.70588235,8.07206295,0.384609888,0.082045276,0,-0.053310278,-0.050728095,0.089783282,0.296008993,-0.307695056
2022/6/13,155,donor,53802,4142,0,3,27,38,23,7,1,0.195632819,2,21.92204699,35.60106198,23.5,12.01258507,4.768673151,0.195632819,-0.25,-0.181355465,-0.061511231,0.020833333,0.626573134,1.884336576
2022/6/14,156,atone,59968,4762,2,16,34,29,14,4,1,1.542012235,16,34.99506751,29.86635097,14.25,3.968958593,-0.622389308,-0.152662588,0,0.0284305,0.028878366,0.016666667,-0.006208281,-0.811194654
2022/6/15,157,primo,55989,4391,0,3,22,38,25,10,2,0.379109908,3.84,20.82843133,33.70927067,25,12.69791035,3.545277737,0.379109908,0.21,-0.050937768,-0.110018701,0,0.245264577,0.515092579
2022/6/16,158,apron,53430,4112,0,7,30,38,19,5,1,0.674275598,7,27.54213142,33.93793397,19.27777778,8.550426111,3.017455126,0.674275598,0,-0.079286083,-0.104155539,0.013888889,0.591737685,1.008727563
2022/6/17,159,blown,54665,4251,0,6,23,35,26,10,1,0.527035939,5.340909091,20.68552026,32.46934333,25.5,12.79267459,2.684516784,0.527035939,-0.094155844,-0.096436656,-0.070296019,-0.018518519,0.253879508,0.842258392
2022/6/18,160,cacao,47205,4101,0,1,9,27,36,23,4,0.225663435,2,8.979853111,30.36263155,36,20.03297784,2.398874073,0.225663435,0.5,-0.002014689,0.120093984,0,-0.123625923,-0.320225185
2022/6/19,161,loser,55359,4399,1,10,28,32,19,8,2,0.964477674,10,29.61421061,32.41388592,18,7.278734634,1.728691158,-0.017761163,0,0.055662435,0.012541998,-0.05,-0.080140596,-0.090436281
2022/6/20,162,input,50484,3950,0,5,30,38,21,6,1,0.482898568,5,25.25958513,34.58921602,21,9.956677407,3.711622872,0.482898568,0,-0.152916609,-0.087455999,0,0.56523963,1.355811436
2022/6/21,163,gloat,53342,4194,0,8,21,31,26,12,2,0.783377788,8,22.90255797,31.27246068,24,11.42974257,1.611860998,0.783377788,0,0.086479908,0.008514396,-0.074074074,-0.043865956,-0.129379667
2022/6/22,164,awful,47645,3861,0,5,21,33,27,12,2,0.489166823,4.916666667,19.02652375,32.13197864,27,13.81901674,2.616647372,0.489166823,-0.013888889,-0.089703466,-0.02553004,0,0.139924365,0.205549124
2022/6/23,165,brink,53111,4118,0,4,22,41,24,7,1,0.392348625,4,21.90375881,34.0185034,24,12.03218137,3.653207791,0.392348625,0,-0.0041844,-0.16622611,0,0.629022671,1.326603896
2022/6/24,166,smite,50617,3991,0,6,23,35,24,11,2,0.671589677,6.904761905,24.6634993,32.84779783,22.03508772,10.33394659,2.543316976,0.671589677,0.129251701,0.069312471,-0.059783394,-0.078596491,-0.055504451,0.181105659
2022/6/25,167,beady,46089,3670,0,3,19,39,29,10,1,0.306603581,3,16.47718147,32.60964191,29,15.39094818,3.215624858,0.306603581,0,-0.126140927,-0.159758952,0,0.490086198,1.107812429
2022/6/26,168,rusty,50450,3954,0,9,37,34,13,5,1,0.854708137,9,34.54138837,35.19576878,13,4.221187228,3.186947488,0.854708137,0,-0.064700306,0.034164822,0,-0.129802129,1.093473744
2022/6/27,169,retro,47986,3848,0,6,24,35,24,9,1,0.585460757,6,23.4385339,33.06455647,23,11.08933055,2.822118321,0.585460757,0,-0.022458644,-0.05376232,-0.04,0.208933055,0.911059161
2022/6/28,170,droll,47312,3844,0,2,16,31,31,17,3,0.212013155,2,14.86266851,32.74373629,30.31818182,16.38734476,3.476055472,0.212013155,0,-0.066901852,0.054491759,-0.021306818,-0.034036402,0.119013868
2022/6/29,171,gawky,45645,3957,0,1,5,22,33,28,10,0.218456087,2,12.08597964,31.61985485,33,18.10808357,2.967625852,0.218456087,0.5,1.180996607,0.418254559,0,-0.341100567,-0.639306741
2022/6/30,172,hutch,44212,3758,0,1,12,28,28,21,9,0.208627885,2,16.32160673,33.33425026,28.90909091,15.48322776,3.743196459,0.208627885,0.5,0.332431287,0.183939664,0.031347962,-0.250762375,-0.525680354
2022/7/1,173,pinto,47248,3792,0,5,25,41,22,6,1,0.503323644,5.2,24.9330249,34.29952318,21.36363636,10.15987598,3.540615922,0.503323644,0.033333333,-0.002575965,-0.159535162,-0.027667984,0.594267997,1.270307961
2022/7/2,174,egret,41765,3515,0,3,14,33,33,15,2,0.315312459,3,12.72394525,31.09049708,32.625,17.71686209,2.528383126,0.315312459,0,-0.085070317,-0.056161851,-0.011029412,0.169803881,0.176127709
2022/7/3,175,lilac,40486,3461,0,2,17,38,29,12,1,0.304201131,3,17.51255698,33.02871634,28,14.74931676,3.405208785,0.304201131,0.333333333,0.028475388,-0.127468812,-0.033333333,0.211485905,1.202604393
2022/7/4,176,sever,42645,3591,0,2,13,27,29,21,7,0.207645065,2,16.74516944,33.50568981,28.5,15.22074217,3.82075352,0.207645065,0,0.267512103,0.232346065,-0.016666667,-0.262693538,-0.39740581
2022/7/5,177,field,44578,3604,1,6,25,36,23,9,1,0.585460757,6,23.4385339,33.06455647,23,11.08933055,2.822118321,-0.207269622,0,-0.060056388,-0.079336312,0,0.208933055,0.911059161
2022/7/6,178,fluff,47344,4049,0,0,4,25,44,23,4,0.147125738,1,0.447149241,27.69654675,44,25.31663891,1.392539362,0.147125738,1,-0.710570152,0.103713337,0,0.096526621,-0.521492128
2022/7/7,179,agape,43407,3671,0,2,18,36,27,15,3,0.302999907,3,18.03024474,33.23825356,27.5,14.42850105,3.500000748,0.302999907,0.333333333,0.001591828,-0.074641796,0.017857143,-0.035718684,0.125000187
2022/7/8,180,voice,42806,3484,1,5,24,35,25,9,1,0.573972774,5.833333333,21.32616625,32.34082605,25,12.39769501,2.528006585,-0.213013613,0.138888889,-0.10695335,-0.073865943,0,0.339769501,0.764003293
2022/7/9,181,stead,47094,3933,1,6,20,27,28,16,3,0.597473004,6,18.26165635,30.9691843,28,14.29748766,1.87419869,-0.201263498,0,-0.082778269,0.141756582,0,-0.100147785,-0.281450328
2022/7/10,182,berth,41785,3494,0,7,24,35,24,9,1,0.634339403,6.5,23.5633838,32.72130113,23,11.0140257,2.566949972,0.634339403,-0.0625,-0.017464648,-0.063297191,-0.04,0.20140257,0.783474986
2022/7/11,183,madam,40545,3430,0,3,13,35,34,14,2,0.220858536,2,11.05060413,31.20078042,34,18.74971499,2.778041926,0.220858536,-0.25,-0.139242562,-0.105533877,0,0.316647666,0.259347309
2022/7/12,184,night,46910,3870,1,8,27,27,17,13,7,0.750267762,7.833333333,30.10856991,34.32040017,17,6.963424233,3.024004598,-0.124866119,-0.018518519,0.111020354,0.261442863,0,-0.431183983,-0.496999425
2022/7/13,185,bland,46246,3727,0,7,31,38,18,4,0,0.609853496,6.347826087,27.66688804,34.50206789,19,8.470418879,3.402945609,0.609853496,-0.081521739,-0.104159749,-0.089690567,0.052631579,0.894083776,3.402945609
2022/7/14,186,liver,40549,3388,0,4,16,26,25,20,8,0.529208832,5.4,22.25333852,33.05738845,24,11.82132779,2.938736414,0.529208832,0.28,0.367843442,0.261384757,-0.038461538,-0.389460581,-0.562362621
2022/7/15,187,wedge,39234,3353,0,2,11,32,37,17,2,0.228065884,2,7.944477601,29.94355711,37,20.67460926,2.209290147,0.228065884,0,-0.254626867,-0.062316451,0,0.204144959,0.069763382
2022/7/16,188,roomy,38769,3280,0,2,17,41,28,10,2,0.208107075,2,16.54605876,33.42509857,28.69230769,15.34413283,3.784295073,0.208107075,0,-0.025218958,-0.180354796,0.023872679,0.485830257,0.594765024
2022/7/17,189,wacky,39611,3345,0,3,18,39,27,10,2,0.206443841,2,17.26285719,33.71522702,28,14.89992646,3.915545483,0.206443841,-0.25,-0.03879699,-0.132119325,0.035714286,0.44544786,0.638515161
2022/7/18,190,flock,42574,3548,0,4,22,37,27,9,1,0.432141737,4.333333333,18.88086554,32.5324432,27,13.9068724,2.91434378,0.432141737,0.066666667,-0.135614542,-0.117567284,0,0.49068724,0.95717189
2022/7/19,191,angry,39667,3358,0,5,27,38,21,7,1,0.484099793,5,24.74189738,34.37967881,21.5,10.27749312,3.616830908,0.484099793,0,-0.080646522,-0.092828748,0.022727273,0.40968664,1.308415454
2022/7/20,192,trite,42237,3685,0,4,14,22,22,23,15,0.384896129,4,25.1155359,35.3184894,20.89795918,10.04181452,4.241304868,0.384896129,0,0.741035727,0.579064757,-0.047914818,-0.539924395,-0.672418446
2022/7/21,193,aphid,39086,3367,0,6,24,36,23,9,2,0.585460757,6,23.4385339,33.06455647,23,11.08933055,2.822118321,0.585460757,0,-0.022458644,-0.079336312,0,0.208933055,0.27403944
2022/7/22,194,tryst,43099,3665,0,3,26,41,23,6,1,0.292188885,3,22.68943453,35.12408851,23,11.54115965,4.353128416,0.292188885,0,-0.122613536,-0.139902655,0,0.791594236,1.676564208
2022/7/23,195,midge,36769,3111,0,2,18,39,28,10,2,0.302098988,3,18.41851055,33.39540647,27.125,14.18788927,3.57109472,0.302098988,0.333333333,0.022026871,-0.140114838,-0.030172414,0.380717206,0.52369824
2022/7/24,196,power,39813,3401,2,6,19,29,24,15,4,0.587863207,6,22.40315839,32.64548204,24,11.73096197,2.632534394,-0.470712264,0,0.17015792,0.121516068,0,-0.204314877,-0.273493121
2022/7/25,197,elope,39228,3339,0,4,22,32,26,13,2,0.301798682,3,18.54793249,33.44779078,27,14.10768534,3.594792711,0.301798682,-0.2,-0.150089892,0.043872448,0.037037037,0.079120381,0.53159757
2022/7/26,198,cinch,39171,3507,0,2,15,24,22,25,13,0.257200672,2.666666667,23.64157678,35.77199984,22,10.94973147,4.712824575,0.257200672,0.222222222,0.540098549,0.470879994,0,-0.540394943,-0.591941102
2022/7/27,199,motto,38384,3285,0,1,11,36,36,14,1,0.225663435,2,8.979853111,30.36263155,36,20.03297784,2.398874073,0.225663435,0.5,-0.168345574,-0.152361309,0,0.402198523,0.699437037
2022/7/28,200,stomp,40650,3490,0,7,26,32,21,11,2,0.645827386,6.666666667,25.67575145,33.44503155,21,9.705661238,2.861061708,0.645827386,-0.041666667,-0.012009206,0.043788835,0,-0.107861564,0.287020569
2022/7/29,201,upset,37791,3213,0,5,30,38,20,6,1,0.496856892,5.133333333,24.89465709,34.33649879,21.38461538,10.18337743,3.570661084,0.496856892,0.022222222,-0.164688481,-0.093935928,0.065934066,0.597625347,1.285330542
2022/7/30,202,bluff,37353,3171,0,2,14,42,31,10,1,0.213651188,2,14.15673066,32.45800372,31,16.82482073,3.346793704,0.213651188,0,0.010448711,-0.22190689,0,0.620438248,1.173396852
2022/7/31,203,cramp,39250,3369,1,8,26,33,19,10,2,0.774368604,8,26.78521613,32.84398981,20.25,9.023624736,2.322800721,-0.112815698,0,0.029082079,-0.004588535,0.0625,-0.088761388,0.10760024
2022/8/1,204,quart,36662,3303,0,5,20,33,27,13,2,0.399555973,4,18.79763228,32.7612801,27,13.95707564,3.084456013,0.399555973,-0.166666667,-0.057255606,-0.007021174,0,0.068362546,0.361485338
2022/8/2,205,coyly,34909,3380,0,0,4,17,28,35,15,0.10868655,1,17.0131574,34.4017377,28,15.05053616,4.425882181,0.10868655,1,2.60263148,0.966763206,0,-0.554151773,-0.660882364
2022/8/3,206,youth,38381,3327,1,5,17,31,29,15,3,0.502118162,5,16.97658105,31.23662055,29,15.08972878,2.194951462,-0.248940919,0,-0.001301053,0.007394392,0,0.005608049,-0.201262135
2022/8/4,207,rhyme,37229,3336,0,4,22,39,25,8,1,0.394751074,4,20.8683833,33.59942896,25,12.6738128,3.463623865,0.394751074,0,-0.049200726,-0.135014276,0,0.519312533,1.231811933
2022/8/5,208,buggy,37350,3428,0,1,9,29,34,22,5,0.216053638,2,13.12135515,32.03892928,32,17.46645215,3.157209778,0.216053638,0.5,0.412135515,0.101297643,-0.057142857,-0.197110776,-0.307131704
2022/8/6,209,alien,38841,3395,3,17,31,29,15,4,0,3,17,34.46823567,28.86553446,15,4.299572457,0,0,0,0.108382365,-0.004482185,0,0.059914491,0
2022/8/7,210,smear,36223,3190,0,2,16,39,29,12,2,0.20884629,2,16.22748168,33.29615259,29,15.54155788,3.725961557,0.20884629,0,0.013381275,-0.142596185,0,0.272427529,0.575320519
2022/8/8,211,unfit,35516,3187,0,3,24,38,25,9,1,0.296993783,3,20.61868351,34.28593965,25,12.8244225,3.973960563,0.296993783,0,-0.13525266,-0.095232317,0,0.38244225,1.486980282
2022/8/9,212,patty,36223,3019,0,2,16,39,29,12,1,0.20884629,2,16.22748168,33.29615259,29,15.54155788,3.725961557,0.20884629,0,0.013381275,-0.142596185,0,0.272427529,1.362980779
2022/8/10,213,cling,37654,3312,0,4,20,34,27,13,2,0.399555973,4,18.79763228,32.7612801,27,13.95707564,3.084456013,0.399555973,0,-0.057255606,-0.035391997,0,0.068362546,0.361485338
2022/8/11,214,glean,37301,3243,0,6,23,37,24,8,1,0.594347784,6.090909091,23.46123388,33.00214641,23,11.07563876,2.775724075,0.594347784,0.012987013,0.019218078,-0.105206673,-0.04,0.34173764,0.887862038
2022/8/12,215,label,34198,3076,0,4,18,32,29,15,2,0.453239517,4.5,16.85173116,31.57987589,29,15.16503363,2.450119811,0.453239517,0.1,-0.060435202,-0.012731034,0,0.010314602,0.150039937
2022/8/13,216,hunky,35276,3185,0,1,11,33,25,22,7,0.203354977,2,18.59405427,34.25403701,26.71428571,14.07497178,4.159296245,0.203354977,0.5,0.632837856,0.036883441,0.065934066,-0.344566444,-0.355087969
2022/8/14,217,khaki,31652,2968,0,2,17,33,28,16,4,0.207645065,2,16.74516944,33.50568981,28.5,15.22074217,3.82075352,0.207645065,0,-0.014157253,0.01487323,0.017241379,-0.045838696,-0.035849296
2022/8/15,218,poker,35376,3180,0,4,17,30,27,17,5,0.497313264,5,19.04733207,32.07476942,27,13.80646594,2.574119314,0.497313264,0.2,0.113740671,0.066928046,0,-0.177418559,-0.404313448
2022/8/16,219,gruel,35105,3087,0,3,19,39,29,9,1,0.344505272,3.4,17.09474914,32.54457485,28.5,15.00988859,3.106282142,0.344505272,0.1,-0.095262543,-0.161385629,-0.016666667,0.600988859,1.053141071
2022/8/17,220,twice,35815,3173,1,6,28,38,21,6,1,0.580655859,6,25.50928492,33.90270534,21,9.806067706,3.201286173,-0.209672071,0,-0.085886727,-0.105058837,0,0.543723958,1.100643087
2022/8/18,221,twang,34938,3172,0,3,22,43,25,7,1,0.339244871,3.454545455,21.67343388,34.3548661,24.09090909,12.17266225,3.914338361,0.339244871,0.113636364,-0.014198527,-0.196480316,-0.034965035,0.646582781,1.457169181
2022/8/19,222,shrug,33965,2987,0,4,23,36,26,10,1,0.442974506,4.5,21.27560833,33.37046665,24.72727273,12.42351756,3.260160223,0.442974506,0.1,-0.071849653,-0.071068469,-0.047138047,0.220319778,1.130080112
2022/8/20,223,treat,38245,3249,1,22,32,26,14,5,1,2.127955367,22,36.75211013,25.85205549,14,2.904892527,-3.637013517,0.563977684,0,0.144003337,-0.005479426,0,-0.349184579,-2.318506759
2022/8/21,224,waste,35617,3186,1,7,19,27,24,17,5,0.684018865,7,23.34310852,32.23835431,23.33333333,11.15259799,2.24858698,-0.157990568,0,0.217155426,0.187084083,-0.026666667,-0.324855667,-0.458568837
2022/8/22,225,merit,35888,3123,0,7,33,37,17,5,0,0.672807435,7,28.1748609,34.19403501,18.66666667,8.15831802,3.133311969,0.672807435,0,-0.141915856,-0.073841184,0.092592593,0.526386337,3.133311969
2022/8/23,226,woven,33549,2933,0,2,13,32,32,17,3,0.264932283,2.5,13.24620505,31.69567394,32,17.3911473,2.902041429,0.264932283,0.166666667,0.017586075,-0.009222002,0,0.021730406,-0.024489643
2022/8/24,227,needy,33700,2927,0,2,21,41,26,9,1,0.228480714,2.25,18.36065765,33.96267379,27,14.22064262,3.977545235,0.228480714,0.083333333,-0.119970107,-0.167555386,0.037037037,0.522064262,1.488772618
2022/8/25,228,clown,36737,3175,1,8,29,36,20,6,1,0.773767991,8,27.04406001,32.94875841,20,8.863216881,2.370196703,-0.113116005,0,-0.065198,-0.082465989,0,0.409030983,0.685098352
2022/8/26,229,irony,34716,3046,0,6,29,34,21,8,1,0.484099793,5,24.74189738,34.37967881,21.5,10.27749312,3.616830908,0.484099793,-0.142857143,-0.141936754,0.010847966,0.022727273,0.253054791,1.308415454
2022/8/27,230,ruder,31241,2784,0,2,16,33,29,16,4,0.257424629,2.5,16.48175351,33.00528155,28.875,15.38604911,3.494491198,0.257424629,0.166666667,0.028338442,0.00015534,-0.004166667,-0.036114758,-0.10110176
2022/8/28,231,gauze,30214,2866,0,2,11,24,31,25,8,0.213651188,2,14.15673066,32.45800372,31,16.82482073,3.346793704,0.213651188,0,0.263060888,0.338320149,0,-0.314429972,-0.517022922
2022/8/29,232,chief,34281,3072,1,6,32,38,18,5,0,0.583073382,6.083333333,27.99906561,34.84482746,18.61538462,8.263472738,3.610842862,-0.208463309,0.011904762,-0.121240436,-0.08090186,0.032388664,0.543912123,3.610842862
2022/8/30,233,onset,33660,3009,0,4,29,40,21,6,1,0.385141277,4,25.00988534,35.2757267,21,10.10728711,4.22195957,0.385141277,0,-0.133003822,-0.115226178,0,0.586755301,1.610979785
2022/8/31,234,prize,35343,3166,0,5,12,20,32,26,5,0.59622088,5.888888889,14.09240989,29.36916553,32,16.88074775,1.172567062,0.59622088,0.148148148,0.160954607,0.44615074,0,-0.337750083,-0.63790549
2022/9/1,235,fungi,31903,2928,0,2,18,41,28,9,1,0.20884629,2,16.22748168,33.29615259,29,15.54155788,3.725961557,0.20884629,0,-0.093290438,-0.183424938,0.034482759,0.654155788,1.362980779
2022/9/2,236,charm,35724,3149,1,12,32,34,16,5,1,1.109740782,11.5,30.58040344,31.62359101,17.42857143,6.686173555,1.071519783,0.054870391,-0.038461538,-0.043018078,-0.0678974,0.084033614,0.281028926,0.035759892
2022/9/3,237,gully,31191,2877,0,1,9,27,31,25,7,0.115893898,1,13.90703087,33.1445144,31,16.97543043,3.857130403,0.115893898,0,0.490703087,0.219446943,0,-0.308637291,-0.3928587
2022/9/4,238,inter,32018,2889,0,6,25,36,23,8,1,0.585460757,6,23.4385339,33.06455647,23,11.08933055,2.822118321,0.585460757,0,-0.060056388,-0.079336312,0,0.34325895,0.911059161
2022/9/5,239,whoop,32733,2970,0,1,16,47,29,7,1,0.210287759,2,15.60625637,33.04470793,29.6,15.92653674,3.612211201,0.210287759,0.5,-0.02316139,-0.290735251,0.02,1.115817093,1.306105601
2022/9/6,240,taunt,32734,3022,0,4,19,27,21,16,13,0.287383986,3,24.76018555,35.96223738,21,10.25789681,4.732296268,0.287383986,-0.2,0.288009278,0.320079906,0,-0.337770776,-0.590550267
2022/9/7,241,leery,30992,2873,0,3,17,37,28,12,2,0.382406964,3.8,17.71231681,32.4795078,28,14.628829,2.996939426,0.382406964,0.2,0.039573156,-0.118960321,0,0.202217615,0.332313142
2022/9/8,242,class,31962,3001,0,4,21,32,22,13,7,0.387543726,4,23.97450983,34.85665227,22,10.74891853,4.032375644,0.387543726,0,0.135204992,0.08656522,0,-0.160791534,-0.370953045
2022/9/9,243,theme,32172,2909,0,8,29,40,18,4,0,0.768963093,8,29.11481103,33.78690728,18,7.579954038,2.749364555,0.768963093,0,0.003827034,-0.151538847,0,0.715990808,2.749364555
2022/9/10,244,lofty,29237,2777,0,4,19,34,27,13,3,0.399555973,4,18.79763228,32.7612801,27,13.95707564,3.084456013,0.399555973,0,-0.010118386,-0.035391997,0,0.068362546,0.021114003
2022/9/11,245,tibia,27887,2675,0,1,14,40,30,12,2,0.211248739,2,15.19210617,32.87707815,30,16.18318931,3.536377631,0.211248739,0.5,0.079473745,-0.173729801,0,0.321783793,0.512125877
2022/9/12,246,booze,29147,2883,0,1,7,27,38,23,4,0.230468333,2,6.909102091,29.52448268,38,21.31624068,2.019706221,0.230468333,0.5,-0.011362239,0.090160096,0,-0.070156638,-0.396058756
2022/9/13,247,alpha,29497,2706,0,3,19,40,28,9,1,0.304201131,3,17.51255698,33.02871634,28,14.74931676,3.405208785,0.304201131,0,-0.074372151,-0.170031309,0,0.574931676,1.202604393
2022/9/14,248,thyme,32142,2938,1,5,24,41,23,5,0,0.487703467,5,23.18883411,33.75106715,23,11.23994025,3.332455019,-0.256148267,0,-0.032446636,-0.172593639,0,1.039990042,3.332455019
2022/9/15,249,doubt,33344,3011,1,12,32,34,16,4,0,1.155187357,12,32.18436121,31.87901343,16,5.694252388,1.087185614,0.077593679,0,0.005586703,-0.060599616,0,0.338850478,1.087185614
2022/9/16,250,parer,37309,4130,0,0,4,11,15,22,48,0,0,30.21720312,40.53047349,15,6.859446193,7.400316351,0,0,5.243440624,2.460872791,0,-0.658284948,-0.828564972
2022/9/17,251,chute,33418,3073,0,11,37,36,12,3,0,1.047820269,11,36.07616346,34.24182185,12,3.278336403,2.355858018,1.047820269,0,-0.024311488,-0.047518328,0,0.069584101,2.355858018
2022/9/18,252,stick,33102,3038,1,9,36,35,14,4,0,0.79346789,8.333333333,32.68067101,34.9676844,14.63636364,5.371536022,3.216943711,-0.103266055,-0.066666667,-0.089711594,-0.000897656,0.042424243,0.274307204,3.216943711
2022/9/19,253,trice,35050,3430,0,5,24,25,18,17,11,0.476291832,5,28.10686778,35.74167072,18.25,8.192190998,4.232978669,0.476291832,0,0.164274711,0.413141182,0.013157895,-0.489322722,-0.563918444
2022/9/20,254,alike,31277,2843,0,6,20,33,27,12,2,0.642437597,6.526315789,21.18859117,31.73936386,25.3,12.48581455,2.117477028,0.642437597,0.07518797,0.05659958,-0.037077534,-0.060714286,0.03737035,0.039159009
2022/9/21,255,recap,31976,2900,0,5,30,35,21,8,1,0.482898568,5,25.25958513,34.58921602,21,9.956677407,3.711622872,0.482898568,0,-0.152916609,-0.011410666,0,0.217408601,1.355811436
2022/9/22,256,saint,34455,3119,1,14,35,29,15,5,1,1.349100306,14,33.37401113,30.78537503,15.33333333,4.965278703,0.192901502,0.174550153,0,-0.045166358,0.059512501,0.020833333,-0.005786883,-0.403549249
2022/9/23,257,glory,31509,2893,0,6,30,39,19,5,0,0.57585096,6,27.58003594,34.74085421,19,8.522804863,3.580454026,0.57585096,0,-0.078063357,-0.106478645,0,0.587134144,3.580454026
2022/9/24,258,grate,32777,3077,1,14,29,28,16,8,3,1.354477217,14,31.05674213,29.84744653,17.57142857,8,3,0.177238609,0,0.068558071,0.063705053,0.092436975,0,0
2022/9/25,259,admit,28994,2677,0,10,25,34,22,8,1,0.9754603,10,24.88106542,30.49811708,22.57142857,10.21190685,0.862021781,0.9754603,0,-0.004574407,-0.100053798,0.02484472,0.245767428,-0.06898911
2022/9/26,260,brisk,31706,2884,0,5,23,38,24,7,1,0.490105916,5,22.1534586,33.33199272,24,11.88157167,3.142871093,0.490105916,0,-0.035272558,-0.119692494,0,0.610196459,1.071435547
2022/9/27,261,soggy,30985,2888,0,2,18,38,28,11,2,0.206443841,2,17.26285719,33.71522702,28,14.89992646,3.915545483,0.206443841,0,-0.03879699,-0.109865974,0,0.324993872,0.638515161
2022/9/28,262,usurp,31355,3007,0,3,21,38,26,9,1,0.301429074,3,18.70722103,33.51226377,26.84615385,14.00897281,3.623959469,0.301429074,0,-0.104217226,-0.11507016,0.031339031,0.500897281,1.311979735
2022/9/29,263,scald,30477,2829,0,4,23,36,24,11,2,0.391490607,4,22.27353578,34.16817284,23.64285714,11.80302729,3.720916336,0.391490607,0,-0.030269343,-0.049508842,-0.014285714,0.066918941,0.573638779
2022/9/30,264,scorn,31223,2859,0,8,31,35,20,6,1,0.671288399,6.9,24.59153141,32.82241877,22.10344828,10.37852606,2.532787088,0.671288399,-0.122222222,-0.200264643,-0.060488368,0.100164204,0.625503723,0.766393544
2022/10/1,265,leave,28202,2696,0,4,16,34,31,12,1,0.445824754,4.375,14.74976766,30.82754085,31,16.46712269,2.134744046,0.445824754,0.075,-0.073543079,-0.09064169,0,0.343624822,0.567372023
2022/10/2,266,twine,30088,2775,0,6,28,40,20,5,1,0.612755983,6.352941176,26.63278977,34.07948189,20,9.111279919,3.210751265,0.612755983,0.050420168,-0.04714518,-0.144402881,0,0.68521332,1.105375633
2022/10/3,267,sting,32288,2969,1,10,30,33,18,8,2,0.897817903,9.285714286,28.07104045,32.35183439,19.31818182,8.232099866,1.843311287,-0.051091049,-0.064935065,-0.062224502,-0.019063694,0.069377991,0.025788874,-0.052229571
2022/10/4,268,bough,32014,3060,0,3,17,35,28,13,3,0.206443841,2,17.26285719,33.71522702,28,14.89992646,3.915545483,0.206443841,-0.25,0.014603177,-0.035688138,0,0.135709033,0.228886371
2022/10/5,269,marxh,30935,2885,0,9,30,35,19,6,1,0.822646637,8.5,27.16890991,32.60550307,20,8.78791203,2.115028354,0.822646637,-0.05,-0.091325487,-0.066513804,0.05,0.398273147,0.557514177
2022/10/6,270,sloth,32522,2987,1,10,38,34,13,3,0,0.887293901,9.333333333,34.62462163,34.96693188,13,4.170983994,3.016835255,-0.05635305,-0.060606061,-0.086548163,0.027626625,0,0.292745999,3.016835255
2022/10/7,271,dandy,29026,2840,0,2,11,23,29,24,11,0.20884629,2,16.22748168,33.29615259,29,15.54155788,3.725961557,0.20884629,0,0.435623473,0.429006358,0,-0.338337685,-0.60616987
2022/10/8,272,vigor,26905,2642,0,2,15,35,31,14,2,0.211248739,2,15.19210617,32.87707815,30,16.18318931,3.536377631,0.211248739,0,0.012006636,-0.058970051,-0.03125,0.145545954,0.512125877
2022/10/9,273,howdy,28408,2668,0,2,13,32,32,17,4,0.213651188,2,14.15673066,32.45800372,31,16.82482073,3.346793704,0.213651188,0,0.082623619,0.013878901,-0.03030303,-0.009732182,-0.130641259
2022/10/10,274,enjoy,26878,2654,0,3,12,29,33,20,3,0.413970669,4,12.58537922,30.24683349,33,17.80686417,1.946952455,0.413970669,0.25,0.045029171,0.041561116,0,-0.10443504,-0.263261886
2022/10/11,275,valid,28575,2752,0,4,28,38,21,8,1,0.385141277,3.6,25.00988534,35.2757267,21,10.10728711,4.22195957,0.385141277,-0.08,-0.103107402,-0.069853162,0,0.234143012,1.610979785
2022/10/12,276,ionic,29151,2947,0,2,13,25,28,21,11,0.302999907,3,18.03024474,33.23825356,27.5,14.42850105,3.500000748,0.302999907,0.333333333,0.359303196,0.316855906,-0.017241379,-0.298704498,-0.624999938
2022/10/13,277,equal,27197,2677,0,5,23,35,25,11,2,0.492700561,5,21.03525305,32.87939233,25.08,12.57453361,2.938120453,0.492700561,0,-0.081864456,-0.058905769,0.003076923,0.131211134,0.312706818
2022/10/14,278,floor,28906,2752,0,3,23,44,24,6,0,0.294591334,3,21.65405902,34.70501408,24,12.18279108,4.16354449,0.294591334,0,-0.056080874,-0.206555243,0,0.883255869,4.16354449
2022/10/15,279,catch,30403,3123,0,7,18,20,15,16,23,0.663998454,6.8,31.97123777,35.73064127,15,5.805669475,3.828453032,0.663998454,-0.025,0.735328304,0.749078156,0,-0.599666501,-0.798814457
2022/10/16,280,spade,30459,2854,1,8,29,36,19,6,1,0.770885052,8,28.28651062,33.45164774,18.8,8.093259175,2.597697414,-0.114557474,0,-0.023782979,-0.068874385,-0.01,0.299037025,0.798848707
2022/10/17,281,stein,31269,2965,1,12,34,32,16,5,1,1.155187357,12,32.18436121,31.87901343,16,5.694252388,1.087185614,0.077593679,0,-0.051875394,-0.00366626,0,0.115708731,0.043592807
2022/10/18,282,exist,28612,2805,0,5,24,38,23,8,1,0.487703467,5,23.18883411,33.75106715,23,11.23994025,3.332455019,0.487703467,0,-0.032446636,-0.108946996,0,0.359993361,1.16622751
2022/10/19,283,quirk,28322,2794,0,3,23,39,24,9,2,0.196834043,2,21.40435923,35.39152476,24,12.33340078,4.673881188,0.196834043,-0.25,-0.066485032,-0.090211881,0,0.333340078,0.891293729
2022/10/20,284,denim,28741,2769,0,5,29,40,20,5,0,0.578313596,5.947368421,24.28820473,33.44991731,22.16666667,10.56256452,3.006964752,0.578313596,0.157894737,-0.157059842,-0.159758114,0.103174603,0.927094087,3.006964752
2022/10/21,285,grove,28637,2794,0,4,18,30,28,17,3,0.511879203,5.142857143,18.82415959,31.87192785,27.25,13.94535812,2.45381809,0.511879203,0.228571429,0.043376821,0.060384769,-0.025862069,-0.169702327,-0.136545478
2022/10/22,286,spiel,29084,2810,0,7,32,36,19,6,1,0.673608251,7,27.82973573,34.05434353,19,8.372195161,3.070117327,0.673608251,0,-0.126371645,-0.05258531,0,0.338885023,1.035058664
2022/10/23,287,mummy,29279,3021,0,1,4,14,27,37,18,0.204041391,2,18.2982327,34.13430146,27,14.25829504,4.105129409,0.204041391,0.5,2.85964654,1.342286764,0,-0.59846592,-0.731308978
2022/10/24,288,fault,28947,2768,0,7,27,35,22,8,1,0.680815599,7,24.7236092,32.79712023,22,10.29708943,2.501365549,0.680815599,0,-0.081299671,-0.061191105,0,0.255232159,0.750682775
2022/10/25,289,foggy,28953,2817,0,2,13,35,32,15,3,0.216053638,2,13.12135515,32.03892928,32,17.46645215,3.157209778,0.216053638,0,0.008668225,-0.082251964,0,0.154153259,0.039302445
2022/10/26,290,flout,30063,2904,0,6,28,37,21,7,1,0.609718837,6.297297297,25.58351999,33.69860757,21,9.761291848,3.049564452,0.609718837,0.042471042,-0.083326897,-0.086878748,0,0.345161481,1.024782226
2022/10/27,291,carry,27609,2615,0,4,22,35,24,12,3,0.393950258,4,21.21350847,33.73912044,24.66666667,12.45993565,3.526818507,0.393950258,0,-0.034195284,-0.035024432,0.026666667,0.035379665,0.131704627
2022/10/28,292,sneak,27905,2636,0,7,28,36,21,7,1,0.67841315,7,25.75898471,33.21619466,21,9.655458004,2.690949475,0.67841315,0,-0.077276389,-0.075237982,0,0.331932251,0.845474738
2022/10/29,293,libel,25156,2536,0,3,15,32,32,16,2,0.213651188,2,14.15673066,32.45800372,31,16.82482073,3.346793704,0.213651188,-0.25,-0.052704334,0.013878901,-0.03030303,0.048518866,0.448931235
2022/10/30,294,waltz,24672,2496,0,2,11,29,35,19,3,0.223260986,2,10.01522862,30.78170598,35,19.39134641,2.588457999,0.223260986,0,-0.082064282,0.059390199,0,0.019567321,-0.1028855
2022/10/31,295,aptly,26498,2572,0,3,26,41,23,7,1,0.374873606,3.875,24.13743026,35.02104256,21.8125,10.64743885,4.131714717,0.374873606,0.21875,-0.068984064,-0.14235613,-0.049479167,0.455929856,1.565857359
2022/11/1,296,piney,27502,3667,0,1,14,37,33,14,2,0.218456087,2,12.08597964,31.61985485,33,18.10808357,2.967625852,0.218456087,0.5,-0.127601357,-0.141582767,0,0.273872238,0.322541951
2022/11/2,297,inept,27670,2640,0,6,30,39,20,6,1,0.579321165,6,26.08449354,34.13552447,20.44444444,9.449605805,3.306610577,0.579321165,0,-0.12630666,-0.121611888,0.021164021,0.492800829,1.153305289
2022/11/3,298,aloud,29554,2819,1,18,31,30,15,4,1,1.743833246,18,32.77660638,30.39325922,16.875,5.352021671,1.140720511,0.371916623,0,0.055518949,0.012685781,0.1171875,0.270404334,0.070360256
2022/11/4,299,photo,27330,2565,0,5,34,43,15,3,0,0.468483872,5,31.47183819,37.10366263,15,6.106888878,4.849126429,0.468483872,0,-0.072233195,-0.134007668,0,0.77672222,4.849126429
2022/11/5,300,dream,29743,2751,5,14,31,29,15,4,1,1.34829949,14,33.7191363,30.9250665,15,4.751401563,0.256096144,-0.608616752,0,0.084973009,0.064168883,0,0.150280313,-0.371951928
2022/11/6,301,stale,31068,3013,2,19,30,27,15,6,2,1.837085944,19,34.96763525,27.4925131,15,3.998353054,2.295587348,-0.054304685,0,0.160246298,0.017589754,0,-0.285949564,0.098529116
2022/11/7,302,begin,26096,2439,0,6,26,36,23,7,1,0.582493026,6,24.71752718,33.58223666,21.76470588,10.29672703,3.05631023,0.582493026,0,-0.047498993,-0.065344955,-0.051470588,0.412090879,1.028155115
2022/11/8,303,spell,27213,2531,0,4,24,37,24,9,1,0.392348625,4,21.90375881,34.0185034,24,12.03218137,3.653207791,0.392348625,0,-0.083849648,-0.078460437,0,0.303218137,1.326603896
2022/11/9,304,rainy,28984,2678,1,16,38,31,11,3,1,1.534204274,16,38.36003792,31.22834288,11,1.883656473,1,0.267102137,0,0.009231742,0.007135715,0,-0.279085882,0
2022/11/10,305,unite,27467,2575,1,11,31,33,18,5,1,1.040798704,10.75,28.50726607,31.37515987,19.25,7.967816635,1.108958727,0.020399352,-0.020833333,-0.077897935,-0.047789416,0.065789474,0.494636106,0.054479364
2022/11/11,306,medal,25993,2438,0,5,25,38,23,8,1,0.549229898,5.666666667,24.9262152,33.92923044,21.48275862,10.16602404,3.279875131,0.549229898,0.111111111,-0.002837877,-0.104378707,-0.063218391,0.240669338,1.139937566
2022/11/12,307,valet,24660,2356,0,4,22,38,25,9,1,0.438548477,4.461538462,21.55308589,33.51306882,24.45,12.25140334,3.33235501,0.438548477,0.092307692,-0.019431048,-0.115049517,-0.021153846,0.325140334,1.166177505
2022/11/13,308,inane,25085,2515,0,8,25,30,21,13,3,0.776170441,8,26.0086845,32.52968398,21,9.504848302,2.180612776,0.776170441,0,0.038795558,0.081602709,0,-0.249653693,-0.204846806
2022/11/14,309,maple,26536,2467,1,6,26,36,21,8,1,0.5655245,5.818181818,24.3249719,33.56654359,22.1,10.53924585,3.085532345,-0.21723775,-0.025974026,-0.062038078,-0.065769092,0.05,0.282138428,1.042766173
2022/11/15,310,snarl,27475,2650,0,5,21,31,24,15,4,0.487970405,5,23.07379239,33.70450333,23.11111111,11.31123263,3.311390138,0.487970405,0,0.09426329,0.084515729,-0.035555556,-0.230547961,-0.137721972
2022/11/16,311,baker,25576,2541,0,5,16,23,24,22,10,0.541557122,5.526315789,22.28487954,32.97067131,24,11.80230341,2.874272831,0.541557122,0.087719298,0.369698796,0.415444638,0,-0.443378113,-0.647793379
2022/11/17,312,there,27465,2530,0,14,35,33,14,4,0,1.345897041,14,34.75451181,31.34414094,14,4.109770141,0.44568007,1.345897041,0,-0.006819116,-0.048701737,0,0.021954028,0.44568007
2022/11/18,313,glyph,29208,2899,0,2,23,49,20,5,1,0.187224246,2,25.54586127,37.0678225,20,9.766875091,5.432216893,0.187224246,0,0.106077553,-0.23864355,0,0.794479182,2.216108447
2022/11/19,314,avert,24749,2400,0,7,26,35,22,9,1,0.584659941,6,23.78365907,33.20424795,22.66666667,10.87545341,2.885312963,0.584659941,-0.125,-0.082086701,-0.049882001,0.028985507,0.187545341,0.942656482
2022/11/20,315,brave,24991,2396,1,6,17,27,27,18,5,0.57048599,5.789473684,20.97008933,32.23124469,25.33333333,12.61817784,2.487195131,-0.214757005,-0.030075188,0.220560518,0.186830168,-0.05952381,-0.283253798,-0.418800812
2022/11/21,316,axiom,24288,2382,0,5,19,33,27,13,3,0.497313264,5,19.04733207,32.07476942,27,13.80646594,2.574119314,0.497313264,0,0.002366603,-0.027212664,0,0.05760471,-0.106470172
2022/11/22,317,prime,27437,2534,1,10,26,32,21,9,1,0.971685022,10,26.50808408,31.15666262,21,9.203628899,1.15993938,-0.014157489,0,0.018817929,-0.025555678,0,0.02036289,0.07996969
2022/11/23,318,drive,26663,2451,1,12,32,30,18,6,1,1.159992256,12,30.11361019,31.04086456,18,6.977515231,0.708017762,0.079996128,0,-0.057163328,0.033576276,0,0.139645033,-0.145991119
2022/11/24,319,feast,27705,2725,5,13,25,27,19,10,2,5,13,28.66905915,29.66859571,19.63636364,10,2,0,0,0.14111766,0.09530699,0.031818182,0,0
2022/11/25,320,itchy,24197,2329,0,8,28,40,18,5,1,0.699136456,7.285714286,28.93645404,34.27727206,18,7.687532396,3.113890768,0.699136456,-0.079365079,0.032291519,-0.13957873,0,0.447922066,1.056945384
2022/11/27,321,happy,25206,2356,0,6,28,39,19,6,1,0.494386551,5.166666667,27.37195278,35.31294644,19,8.648312947,4.005734608,0.494386551,-0.119047619,-0.021656801,-0.092176339,0,0.378330421,1.502867304
2022/11/28,322,tepid,26051,2484,0,10,38,35,13,3,0,0.954867877,10,33.75571265,34.09018366,14,4.712208948,2.487026863,0.954867877,0,-0.108827881,-0.025272676,0.071428571,0.428052237,2.487026863
2022/11/29,323,undue,23739,2316,0,3,19,35,29,13,2,0.306603581,3,16.47718147,32.60964191,29,15.39094818,3.215624858,0.306603581,0,-0.126140927,-0.066398836,0,0.170782013,0.405208286
2022/11/30,324,study,2569,2405,0,6,30,33,19,10,2,0.57585096,6,27.58003594,34.74085421,19,8.522804863,3.580454026,0.57585096,0,-0.078063357,0.051201594,0,-0.134290467,0.526818009
2022/12/1,325,eject,22628,2200,0,2,11,35,36,14,2,0.223260986,2,10.01522862,30.78170598,35,19.39134641,2.588457999,0.223260986,0,-0.082064282,-0.117174834,-0.027027027,0.359423094,0.196152666
2022/12/2,326,chafe,24646,2343,0,6,30,33,19,9,2,0.57681194,6,27.16588574,34.57322444,19.4,8.779457431,3.504620455,0.57681194,0,-0.091423041,0.046271307,0.02,-0.022054257,0.501540152
2022/12/3,327,torso,23873,2260,0,4,35,36,17,6,1,0.376332296,4,28.80626221,36.81233296,17.33333333,7.754638564,4.917100633,0.376332296,0,-0.172048272,0.021954945,0.018518518,0.250662652,1.958550317
2022/12/4,328,adore,25577,2398,2,17,32,29,15,5,1,1.641571362,17,34.46823567,28.86553446,15,4.299572457,1.274913951,-0.119476213,0,0.07479502,-0.004482185,0,-0.116737924,0.137456976
2022/12/5,329,woken,23153,2200,0,2,10,25,36,23,4,0.225663435,2,8.979853111,30.36263155,36,20.03297784,2.398874073,0.225663435,0,-0.092740626,0.20625506,0,-0.123625923,-0.320225185
2022/12/6,330,amber,23509,2261,0,6,22,33,24,12,3,0.587863207,6,22.40315839,32.64548204,24,11.73096197,2.632534394,0.587863207,0,0.017528626,-0.010426999,0,-0.020695233,-0.091866402
2022/12/7,331,joust,24899,2388,0,6,29,34,21,8,2,0.542353759,5.6,25.06427983,34.03761814,21.33333333,10.08018873,3.34222621,0.542353759,-0.057142857,-0.131190672,0.001074804,0.015151515,0.231132081,0.447408737
2022/12/8,332,infer,21199,1863,0,3,19,33,26,14,3,0.299396233,3,19.583308,33.86686521,26,13.46605392,3.784376637,0.299396233,0,0.0291654,0.025496036,0,-0.035596405,0.196094159
2022/12/9,333,braid,23640,2165,0,10,36,35,14,3,0,0.954867877,10,33.75571265,34.09018366,14,4.712208948,2.487026863,0.954867877,0,-0.060656415,-0.025272676,0,0.428052237,2.487026863
2022/12/10,334,knock,21157,2041,0,3,18,43,27,8,1,0.204041391,2,18.2982327,34.13430146,27,14.25829504,4.105129409,0.204041391,-0.25,0.015696458,-0.201493149,0,0.695366116,1.552564705
2022/12/11,335,naive,21947,2075,1,7,24,32,24,11,1,0.684018865,7,23.34310852,32.23835431,23.33333333,11.15259799,2.24858698,-0.157990568,0,-0.026275659,0.007222858,-0.026666667,0.012716499,0.62429349
2022/12/12,336,apply,22873,2150,0,5,28,38,22,7,1,0.485301017,5,24.22420962,34.17014159,22,10.59830883,3.522038945,0.485301017,0,-0.130199668,-0.098201498,0,0.449788604,1.261019473
2022/12/13,337,spoke,24101,2224,0,6,31,38,19,5,0,0.640542376,6.66,27.67088241,34.25782327,19.07142857,8.469233275,3.230090096,0.640542376,0.094285714,-0.104034925,-0.095953249,0.003571428,0.578205546,3.230090096
2022/12/14,338,usual,20824,2048,0,3,20,39,27,10,1,0.301798682,3,18.54793249,33.44779078,27,14.10768534,3.594792711,0.301798682,0,-0.069146072,-0.138805231,0,0.37342594,1.297396356
2022/12/15,339,rival,22176,2127,0,7,27,35,22,8,1,0.650545488,6.684210526,24.38591276,32.90914446,22.25,10.50505824,2.615128524,0.650545488,-0.039473684,-0.093360259,-0.058079321,0.010869565,0.278339804,0.807564262
2022/12/17,340,chord,22336,2088,0,7,39,38,13,3,0,0.621594597,6.615384615,33.94595041,36.83283271,13,4.58033344,4.40390423,0.621594597,-0.048076923,-0.12635124,-0.029927366,0,0.39508336,4.40390423
2022/12/18,341,taper,22166,2108,0,8,28,30,20,11,3,0.771365542,8,28.07943552,33.36783285,19,8.221585459,2.559780629,0.771365542,0,0.002739156,0.108639769,-0.047619048,-0.231534545,-0.110054843
2022/12/19,342,slate,26010,2422,6,14,33,27,13,5,1,1.345897041,14,34.75451181,31.34414094,14,4.109770141,0.44568007,-0.664871851,0,0.051603289,0.155147891,0.071428571,-0.148371643,-0.277159965
2022/12/20,343,third,24137,2261,1,10,47,32,9,2,0,0.873028994,9.285714286,38.75423321,36.67592061,9,1.611630199,3.799472708,-0.063485503,-0.064935065,-0.171786808,0.141694564,0,-0.1294566,3.799472708
2022/12/21,344,lunar,22180,2036,0,5,32,40,17,4,0,0.460291585,4.826086957,27.63203527,35.68644953,18.66666667,8.485730415,4.242739574,0.460291585,-0.028985507,-0.132362568,-0.105208548,0.092592593,0.897146083,4.242739574
2022/12/22,345,excel,20490,2034,0,1,13,34,34,15,2,0.220858536,2,11.05060413,31.20078042,34,18.74971499,2.778041926,0.220858536,0.5,-0.139242562,-0.079977702,0,0.234357187,0.259347309
2022/12/23,346,aorta,21937,2112,0,7,26,35,20,10,3,0.6760107,7,26.79436022,33.6352691,20,9.013826582,2.880533401,0.6760107,0,0.029420749,-0.037909192,0,-0.089652129,-0.02986665
2022/12/24,347,poise,20281,1911,2,11,34,32,15,6,1,1.04106229,10.85714286,32.93436553,33.0826715,15,5.224746339,1.860011481,-0.319645903,-0.011904762,-0.030446699,0.032808227,0,-0.110750523,0.430005741
2022/12/25,348,extra,15554,1562,1,5,20,35,28,10,1,0.499715713,5,18.01195656,31.65569498,28,14.44809736,2.384535388,-0.250142144,0,-0.094668735,-0.092897362,0,0.404372487,0.692267694
2022/12/26,349,judge,20011,2043,0,2,8,16,26,33,14,0.201638942,2,19.33360821,34.55337589,26,13.61666362,4.294713335,0.201638942,0,1.259289801,1.091375052,0,-0.570098129,-0.647019111
2022/12/27,350,condo,20879,2012,0,2,17,35,29,14,3,0.209113229,2,16.11243996,33.24958876,29.11111111,15.61285026,3.704896676,0.209113229,0,-0.049308891,-0.048622534,0.003703704,0.107523351,0.176224169
2022/12/28,351,impel,20160,1937,0,3,21,40,25,9,1,0.390746992,4,22.59400915,34.29788636,23.33333333,11.60442709,3.779597075,0.390746992,0.25,0.072454961,-0.139075942,-0.064102564,0.260442709,1.389798538
2022/12/29,352,havoc,20001,1919,0,2,16,38,30,12,2,0.307204193,3,16.21833759,32.5048733,29.25,15.55135604,3.168228877,0.307204193,0.333333333,0.012843388,-0.140900685,-0.024193548,0.273181234,0.389409626
2022/12/30,353,molar,21204,1973,0,4,21,38,26,9,1,0.526588583,5.351351351,21.32085717,32.71827565,24.88888889,12.39899379,2.795044559,0.526588583,0.27027027,0.014584417,-0.135428829,-0.041152263,0.339899379,0.89752228
2022/12/31,354,manly,20380,1899,0,2,17,37,29,12,2,0.306603581,3,16.47718147,32.60964191,29,15.39094818,3.215624858,0.306603581,0.333333333,-0.029045474,-0.115535739,0,0.260842168,0.405208286
