,1,2,3,4,5,6,7
0,0.30660358066846527,3.0,16.477181470526915,32.609641907425925,29.0,15.39094818298863,3.2156248583900577
1,0.5265885826184871,5.351351351351352,21.320857172508898,32.71827565490803,24.88888888888889,12.398993791026172,2.79504455869818
2,0.3072041929919749,3.0,16.218337593026913,32.504873298781035,29.25,15.55135603836769,3.168228876832387
3,0.3907469921823292,4.0,22.594009150526915,34.29788635595923,23.333333333333332,11.604427092649786,3.7795970753484056
4,0.20911322863237558,2.0,16.11243995719358,33.2495887621123,29.11111111111111,15.61285026490393,3.704896676046701
5,0.20163894193991894,2.0,19.33360821052691,34.55337589191533,26.0,13.616663620186742,4.294713335431098
6,0.4997157130675447,5.0,18.01195656052691,31.655694980503917,28.0,14.448097357978739,2.384535387922881
7,1.0410622900610065,10.857142857142858,32.934365531955486,33.082671499926306,15.0,5.224746339464787,1.8600114814495612
8,0.6760107004086393,7.0,26.794360220526915,33.635269095638726,20.0,9.013826582355165,2.880533401070565
9,0.2208585362919422,2.0,11.050604130526914,31.200780415278977,34.0,18.749714992316655,2.778041925585512
10,0.4602915850168898,4.826086956521739,27.63203527009213,35.68644953178269,18.666666666666668,8.48573041543532,4.24273957448456
11,0.873028994395284,9.285714285714286,38.75423320766977,36.67592060572622,9.0,1.6116301988266528,3.799472707667789
12,1.3458970405704065,14.0,34.754511810526914,31.344140937860566,14.0,4.109770141029941,0.44568007001217325
13,0.7713655419611598,8.0,28.079435520526914,33.36783284946749,19.0,8.221585459092104,2.559780628952325
14,0.6215945973327166,6.615384615384615,33.945950409757685,36.83283270721507,13.0,4.580333440105655,4.403904230204262
15,0.6505454878949024,6.684210526315789,24.385912757763755,32.90914446438762,22.25,10.50505823921307,2.615128524424861
16,0.30179868208045946,3.0,18.547932490526915,33.44779077658501,27.0,14.107685339956152,3.594792710851465
17,0.640542375747799,6.66,27.670882408355485,34.25782327348929,19.071428571428573,8.469233275255434,3.230090095723426
18,0.4853010173035557,5.0,24.224209620526914,34.170141587981185,22.0,10.5983088288813,3.5220389453070453
19,0.6840188647219634,7.0,23.343108520526915,32.238354313706914,23.333333333333332,11.152597987409294,2.2485869803015817
20,0.20404139123392895,2.0,18.298232700526913,34.13430145733578,27.0,14.25829504170298,4.105129409200401
21,0.954867877184256,10.0,33.75571265052692,34.09018366086367,14.0,4.712208948017242,2.4870268634079196
22,0.29939623278647787,3.0,19.583308000526912,33.86686521116455,26.0,13.466053918439915,3.784376637082147
23,0.5423537589487921,5.6,25.064279834526914,34.037618135917086,21.333333333333332,10.080188726822378,3.3422262104514857
24,0.587863206738092,6.0,22.40315839052691,32.645482038071314,24.0,11.730961970166959,2.63253439449673
25,0.2256634348799338,2.0,8.979853110526918,30.362631546119893,36.0,20.03297783534913,2.3988740731241336
26,1.6415713624040364,17.0,34.46823567052691,28.865534461028695,15.0,4.2995724573057,-1.2749139512653471
27,0.3763322964183402,4.0,28.806262210526917,36.812332963436496,17.333333333333332,7.754638563552348,4.91710063273257
28,0.5768119399856744,6.0,27.165885736526914,34.57322443713722,19.4,8.779457431192256,3.5046204551579336
29,0.2232609855859522,2.0,10.01522862052692,30.781705980699442,35.0,19.391346413832885,2.588457999354816
30,0.5758509602680988,6.0,27.580035940526912,34.74085421096904,19.0,8.522804862585758,3.580454025650198
31,0.30660358066846527,3.0,16.477181470526915,32.609641907425925,29.0,15.39094818298863,3.2156248583900577
32,0.954867877184256,10.0,33.75571265052692,34.09018366086367,14.0,4.712208948017242,2.4870268634079196
33,0.4943865512292831,5.166666666666667,27.371952782193578,35.312946444928016,19.0,8.648312947374784,4.005734607607664
34,0.6991364563482136,7.285714285714286,28.936454037669773,34.27727205601188,18.0,7.68753239596645,3.1138907682893944
35,1.2616808275627847,13.0,28.669059145981457,29.668595714617545,19.636363636363637,7.876847854959209,-0.11254717948463622
36,1.1599922560533287,12.0,30.113610190526913,31.04086456104394,18.0,6.977515230588551,0.7080177617872607
37,0.9716850222422693,10.0,26.508084080526913,31.156662618806855,21.0,9.203628898630924,1.1599393797930446
38,0.4973132637735489,5.0,19.047332070526913,32.074769415083466,27.0,13.806465936462494,2.574119314153563
39,0.5704859901799324,5.7894736842105265,20.97008933368481,32.23124468966718,25.333333333333332,12.618177837819513,2.4871951311046985
40,0.5846599410127453,6.0,23.783659070526912,33.20424795084404,22.666666666666668,10.875453408145304,2.8853129628043206
41,0.18722424617592992,2.0,25.545861270526913,37.0678224993926,20.0,9.766875091089304,5.432216892815262
42,1.3458970405704065,14.0,34.754511810526914,31.344140937860566,14.0,4.109770141029941,0.44568007001217325
43,0.5415571216002633,5.526315789473684,22.284879542632176,32.97067130790063,24.0,11.802303407836504,2.874272830556748
44,0.4879704054079923,5.0,23.073792387193578,33.70450332733724,23.11111111111111,11.311232630566018,3.31139013838407
45,0.5655245001982934,5.818181818181818,24.324971897708732,33.566543587545326,22.1,10.539245851421882,3.0855323449439425
46,0.7761704405491798,8.0,26.008684500526915,32.529683980308405,21.0,9.504848302124579,2.180612776490932
47,0.43854847684877996,4.461538461538462,21.553085887949994,33.51306882058865,24.45,12.25140334330591,3.3323550097682073
48,0.5492298983480453,5.666666666666667,24.92621520409013,33.92923043938962,21.482758620689655,10.166024039576172,3.27987513123972
49,1.040798704112646,10.75,28.507266065526913,31.375159868757976,19.25,7.967816634667386,1.1089587269350716
50,1.5342042743814943,16.0,38.36003792052691,31.22834288009765,11.0,1.8836564729875676,-0.006241547993624863
51,0.39234862504500256,4.0,21.903758810526913,34.01850339957287,24.0,12.032181373660606,3.6532077911946033
52,0.5824930259632595,6.0,24.717527177585737,33.582236656543245,21.764705882352942,10.296727027954184,3.0563102296006264
53,1.83708594409714,19.0,34.96763525052691,27.49251309952715,15.0,3.998353053812039,-2.2955873479632345
54,1.3482994898644307,14.0,33.71913630052691,30.925066503281023,15.0,4.751401562546178,0.2560961437814626
55,0.46848387224552823,5.0,31.471838190526913,37.10366263003799,15.0,6.1068888782676325,4.8491264289219345
56,1.743833245676825,18.0,32.77660637927691,27.393259215441283,16.875,5.352021670901813,-2.1407205112968484
57,0.5793211648038579,6.0,26.08449353719358,34.13552447213192,20.444444444444443,9.449605804775885,3.306610576650314
58,0.21845608699793218,2.0,12.085979640526915,31.61985484985852,33.0,18.108083570800414,2.967625851816223
59,0.37487360585856777,3.875,24.137430264901916,35.021042560309475,21.8125,10.647438851812183,4.131714717117859
60,0.2232609855859522,2.0,10.01522862052692,30.781705980699442,35.0,19.391346413832885,2.588457999354816
61,0.21365118840992636,2.0,14.156730660526915,32.45800371901761,31.0,16.824820727767936,3.3467937042776157
62,0.6784131497026209,7.0,25.758984710526914,33.21619466105918,21.0,9.65545800387141,2.690949474839883
63,0.3939502579076617,4.0,21.213508470526914,33.73912044318651,24.666666666666668,12.459935654671433,3.526818507040801
64,0.6097188372158797,6.297297297297297,25.583519993229615,33.69860757185702,21.0,9.761291848342154,3.0495644520580356
65,0.21605363770393637,2.0,13.121355150526917,32.03892928443807,32.0,17.466452149284173,3.157209778046905
66,0.6808155989966451,7.0,24.723609200526916,32.79712022647964,22.0,10.29708942538764,2.501365548609158
67,0.20404139123392895,2.0,18.298232700526913,34.13430145733578,27.0,14.25829504170298,4.105129409200401
68,0.6736082511146293,7.0,27.829735730526913,34.05434353021827,19.0,8.372195160838928,3.0701173273012614
69,0.5118792033608344,5.142857142857143,18.82415959159834,31.87192785204561,27.25,13.94535812016344,2.4538180899746322
70,0.5783135957948815,5.947368421052632,24.288204731316387,33.44991730922596,22.166666666666668,10.562564523794912,3.006964752148562
71,0.19683404335191312,2.0,21.40435923052691,35.391524761074415,24.0,12.333400777154267,4.673881187892491
72,0.4877034665975515,5.0,23.188834110526912,33.751067153401635,23.0,11.239940250397545,3.332455019076363
73,1.155187357465337,12.0,32.184361210526916,31.87901343020303,16.0,5.6942523875560696,1.0871856142486536
74,0.770885052102372,8.0,28.286510622526915,33.4516477363834,18.8,8.093259174788855,2.597697414198464
75,0.6639984539386319,7.0,31.971237770526912,35.730641268536445,15.0,5.805669474773971,3.828453032224047
76,0.29459133419847205,3.0,21.654059020526912,34.70501408032364,24.0,12.182791075407437,4.16354448954354
77,0.49270056112906957,5.0,21.03525304972692,32.87939232947619,25.08,12.574533607151313,2.9381204525165145
78,0.30299990672746446,3.0,18.030244735526914,33.23825355929524,27.5,14.428501050714274,3.5000007477361095
79,0.38514127716300095,4.0,25.009885340526914,35.2757267033115,21.0,10.107287109111894,4.2219595698866925
80,0.4139706686910074,4.0,12.58537922052691,30.24683348835697,33.0,17.806864167306763,1.9469524551183497
81,0.21365118840992636,2.0,14.156730660526915,32.45800371901761,31.0,16.824820727767936,3.3467937042776157
82,0.21124873911594477,2.0,15.192106170526912,32.877078153597154,30.0,16.1831893062517,3.536377630508298
83,0.20884628982193476,2.0,16.227481680526914,33.296152588176696,29.0,15.541557884735461,3.7259615567390085
84,0.8872939006592162,9.333333333333334,34.624621633860244,34.96693188261039,13.0,4.170983994332232,3.016835255204583
85,0.8226466366784422,8.5,27.168909905526913,32.60550307451256,20.0,8.787912029734926,2.11502835354716
86,0.20644384052792475,2.0,17.262857190526912,33.71522702275624,28.0,14.89992646321922,3.915545482969705
87,0.8978179030197424,9.285714285714286,28.071040445397045,32.35183439438275,19.318181818181817,8.232099866289659,1.8433112870147
88,0.6127559828020424,6.352941176470588,26.632789768173975,34.079481889065704,20.0,9.11127991877958,3.210751264708108
89,0.4458247541704736,4.375,14.749767661776914,30.82754085223452,31.0,16.467122686119218,2.1347440456988807
90,0.6712883991492902,6.9,24.591531410147603,32.82241876683959,22.103448275862068,10.378526059857109,2.532787088144346
91,0.3914906074400051,4.0,22.27353577838406,34.16817284049414,23.642857142857142,11.803027294547661,3.720916336277
92,0.3014290744967809,3.0,18.707221030526913,33.51226376652033,26.846153846153847,14.008972813569038,3.6239594687330907
93,0.20644384052792475,2.0,17.262857190526912,33.71522702275624,28.0,14.89992646321922,3.915545482969705
94,0.4901059158915473,5.0,22.15345860052691,33.33199271882209,24.0,11.881571671913782,3.1428710928456667
95,0.9754602997042667,10.0,24.881065421955483,30.49811707875329,22.571428571428573,10.21190684672787,0.8620217814305278
96,1.3544772166204098,14.0,31.056742131955485,29.847446528647914,17.571428571428573,6.401310932159362,-0.23140538081175066
97,0.5758509602680988,6.0,27.580035940526912,34.74085421096904,19.0,8.522804862585758,3.580454025650198
98,1.3491003062957532,14.0,33.37401113052691,30.785375025087838,15.333333333333334,4.965278703051595,0.19290150170456855
99,0.48289856800954567,5.0,25.259585130526915,34.58921602256073,21.0,9.956677407365063,3.711622871537756
100,0.6424375965290068,6.526315789473684,21.18859116963218,31.739363862196456,25.3,12.48581455406078,2.117477028107899
101,0.47629183245103945,5.0,28.106867783026914,35.74167071765447,18.25,8.192190998195407,4.23297866867216
102,0.7934678904755827,8.333333333333334,32.68067100931479,34.967684397685545,14.636363636363637,5.371536022196544,3.2169437106305594
103,1.0478202694427807,11.0,36.076163460526914,34.24182184927198,12.0,3.278336403237944,2.355858017520376
104,0.0,0.0,30.21720312229834,40.53047348543832,15.0,6.859446192977798,7.400316350730732
105,1.155187357465337,12.0,32.184361210526916,31.87901343020303,16.0,5.6942523875560696,1.0871856142486536
106,0.4877034665975515,5.0,23.188834110526912,33.751067153401635,23.0,11.239940250397545,3.332455019076363
107,0.30420113137446947,3.0,17.512556980526913,33.02871634200547,28.0,14.749316761472393,3.405208784620754
108,0.2304683334679254,2.0,6.909102090526915,29.5244826769608,38.0,21.31624067838161,2.0197062206627407
109,0.21124873911594477,2.0,15.192106170526912,32.877078153597154,30.0,16.1831893062517,3.536377630508298
110,0.3995559729270184,4.0,18.797632280526916,32.76128009583424,27.0,13.957075638209325,3.084456012502514
111,0.768963092667164,8.0,29.114811030526916,33.78690728404704,18.0,7.57995403757586,2.7493645551830213
112,0.38754372645699675,4.0,23.974509830526916,34.856652268731956,22.0,10.748918530628131,4.032375643655996
113,0.3824069640516967,3.8,17.712316812526915,32.47950779740485,28.0,14.62882900007493,2.996939425941605
114,0.287383986316442,3.0,24.760185550526913,35.96223738406227,21.0,10.257896810858725,4.732296268235643
115,0.21028775939831235,2.0,15.606256374526911,33.044707927428966,29.6,15.926536737645204,3.6122112010005907
116,0.5854607574441104,6.0,23.438533900526913,33.064556472650864,23.0,11.089330548650715,2.8221183207274123
117,0.11589389756338164,1.0,13.907030870526917,33.14451439976839,31.0,16.97543042951476,3.8571304026265523
118,1.1097407824620689,11.5,30.580403444098344,31.62359100689336,17.428571428571427,6.68617355488125,1.0715197830935494
119,0.20884628982193476,2.0,16.227481680526914,33.296152588176696,29.0,15.541557884735461,3.7259615567390085
120,0.5962208798849389,5.888888888888889,14.092409889415805,29.36916552596283,32.0,16.880747753602066,1.1725670622454771
121,0.38514127716300095,4.0,25.009885340526914,35.2757267033115,21.0,10.107287109111894,4.2219595698866925
122,0.5830733822127172,6.083333333333333,27.999065606360247,34.84482746241143,18.615384615384617,8.263472738139072,3.6108428621585773
123,0.21365118840992636,2.0,14.156730660526915,32.45800371901761,31.0,16.824820727767936,3.3467937042776157
124,0.257424629083431,2.5,16.481753514276914,33.00528155212375,28.875,15.386049106172518,3.4944911983433826
125,0.4840997926565649,5.0,24.74189737552691,34.379678805270956,21.5,10.277493118123182,3.6168309084224006
126,0.7737679912551698,8.0,27.044060010526916,32.948758414887955,20.0,8.863216880608334,2.3701967027216284
127,0.22848071394555802,2.25,18.360657648026915,33.96267378714809,27.0,14.220642616266275,3.97754523461316
128,0.2649322831271945,2.5,13.246205045526914,31.695673944062676,32.0,17.391147298410765,2.902041428872451
129,0.6728074346833068,7.0,28.174860900526912,34.19403500841145,18.666666666666668,8.158318020333517,3.1333119693781555
130,0.6840188647219634,7.0,23.343108520526915,32.238354313706914,23.333333333333332,11.152597987409294,2.2485869803015817
131,2.1279553673427785,22.0,36.752110130526916,25.85205549185438,14.0,2.90489252705531,-3.6370135167793762
132,0.442974506318464,4.5,21.275608334617825,33.37046665223054,24.727272727272727,12.423517556617185,3.26016022294327
133,0.33924487088270894,3.4545454545454546,21.673433878708735,34.35486609502061,24.09090909090909,12.172662249296714,3.914338360636691
134,0.5806558588560904,6.0,25.509284920526913,33.902705341809956,21.0,9.806067705618233,3.201286173188805
135,0.3445052723600952,3.4,17.09474914152691,32.54457485241538,28.5,15.009888591531784,3.1062821421658384
136,0.4973132637735489,5.0,19.047332070526913,32.074769415083466,27.0,13.806465936462494,2.574119314153563
137,0.20764506517492975,2.0,16.74516943552691,33.50568980546647,28.5,15.220742173977342,3.8207535198543496
138,0.2033549771499139,2.0,18.594054274812628,34.25403701007279,26.714285714285715,14.074971778412628,4.159296245266319
139,0.45323951693828235,4.5,16.851731155526917,31.579875886299767,29.0,15.165033630368384,2.450119810866653
140,0.594347783884686,6.090909090909091,23.461233881436005,33.002146410764425,23.0,11.075638757582823,2.7757240754229713
141,0.3995559729270184,4.0,18.797632280526916,32.76128009583424,27.0,13.957075638209325,3.084456012502514
142,0.20884628982193476,2.0,16.227481680526914,33.296152588176696,29.0,15.541557884735461,3.7259615567390085
143,0.29699378349245364,3.0,20.618683510526914,34.2859396457441,25.0,12.824422496923674,3.9739605633128576
144,0.20884628982193476,2.0,16.227481680526914,33.296152588176696,29.0,15.541557884735461,3.7259615567390085
145,1.6415713624040364,17.0,34.46823567052691,28.865534461028695,15.0,4.2995724573057,-1.2749139512653471
146,0.21605363770393637,2.0,13.121355150526917,32.03892928443807,32.0,17.466452149284173,3.157209778046905
147,0.39475107433899836,4.0,20.868383300526915,33.59942896499333,25.0,12.673812795176843,3.463623864963907
148,0.5021181623615547,5.0,16.976581050526917,31.23662054592438,29.0,15.089728779494969,2.1949514616921846
149,0.10868654968139424,1.0,17.013157400526914,34.40173770350702,28.0,15.050536164966047,4.425882181318627
150,0.3995559729270184,4.0,18.797632280526916,32.76128009583424,27.0,13.957075638209325,3.084456012502514
151,0.7743686035786652,8.0,26.785216133026914,32.843989806243066,20.25,9.023624735987397,2.322800721163958
152,0.21365118840992636,2.0,14.156730660526915,32.45800371901761,31.0,16.824820727767936,3.3467937042776157
153,0.4968568924149963,5.133333333333334,24.89465708586025,34.336498790289006,21.384615384615383,10.183377429766601,3.570661083720438
154,0.645827386087106,6.666666666666667,25.67575144719358,33.445031554642775,21.0,9.705661237787012,2.861061707622852
155,0.2256634348799338,2.0,8.979853110526918,30.362631546119893,36.0,20.03297783534913,2.3988740731241336
156,0.25720067199495134,2.6666666666666665,23.64157677719358,35.771999843066325,22.0,10.949731466290565,4.712824574787902
157,0.30179868208045946,3.0,18.547932490526915,33.44779077658501,27.0,14.107685339956152,3.594792710851465
158,0.587863206738092,6.0,22.40315839052691,32.645482038071314,24.0,11.730961970166959,2.63253439449673
159,0.30209898824222137,3.0,18.418510551776915,33.39540647226257,27.125,14.18788926764568,3.571094720072608
160,0.29218888490444783,3.0,22.689434530526913,35.124088514903185,23.0,11.5411596538912,4.3531284157742505
161,0.5854607574441104,6.0,23.438533900526913,33.064556472650864,23.0,11.089330548650715,2.8221183207274123
162,0.3848961292758588,4.0,25.115535902771814,35.318489400717574,20.897959183673468,10.041814515079622,4.241304868481663
163,0.4840997926565649,5.0,24.74189737552691,34.379678805270956,21.5,10.277493118123182,3.6168309084224006
164,0.4321417365425191,4.333333333333333,18.88086554386025,32.53244320225065,27.0,13.906872404293715,2.9143437797195304
165,0.20644384052792475,2.0,17.262857190526912,33.71522702275624,28.0,14.89992646321922,3.915545482969705
166,0.20810707465454925,2.0,16.54605876052691,33.425098568047325,28.692307692307693,15.344132831961232,3.784295072502289
167,0.2280658841739296,2.0,7.944477600526916,29.943557111540347,37.0,20.674609256865367,2.209290146893437
168,0.5292088322301538,5.4,22.253338516526913,33.057388446521784,24.0,11.821327791215047,2.938736413506092
169,0.6098534962147113,6.3478260869565215,27.66688804139648,34.50206788722964,19.0,8.470418879369468,3.4029456088331784
170,0.7502677615653965,7.833333333333333,30.108569908860247,34.32040016541838,17.0,6.963424233017427,3.0240045978052024
171,0.2208585362919422,2.0,11.050604130526914,31.200780415278977,34.0,18.749714992316655,2.778041925585512
172,0.6343394028673544,6.5,23.563383795526914,32.72130113227548,23.0,11.0140256977773,2.5669499715529582
173,0.5974730039140894,6.0,18.261656350526913,30.969184299753145,28.0,14.297487656231908,1.8741986895739444
174,0.5739727742243304,5.833333333333333,21.326166248860247,32.340826050283574,25.0,12.397695008640994,2.5280065846575184
175,0.30299990672746446,3.0,18.030244735526914,33.23825355929524,27.5,14.428501050714274,3.5000007477361095
176,0.1471257383853981,1.0,0.44714924052691885,27.69654675023431,44.0,25.31663890922587,1.3925393616274988
177,0.5854607574441104,6.0,23.438533900526913,33.064556472650864,23.0,11.089330548650715,2.8221183207274123
178,0.20764506517492975,2.0,16.74516943552691,33.50568980546647,28.5,15.220742173977342,3.8207535198543496
179,0.30420113137446947,3.0,17.512556980526913,33.02871634200547,28.0,14.749316761472393,3.405208784620754
180,0.3153124593592196,3.0,12.723945246776921,31.090497082075085,32.625,17.71686208598499,2.528383125803785
181,0.5033236441039719,5.2,24.93302490307237,34.299523182927096,21.363636363636363,10.159875983930696,3.540615922329522
182,0.2086278853406469,2.0,16.321606726890547,33.33425026404757,28.90909090909091,15.48322775550671,3.7431964591236095
183,0.21845608699793218,2.0,12.085979640526915,31.61985484985852,33.0,18.108083570800414,2.967625851816223
184,0.2120131548003883,2.0,14.862668508254188,32.74373628804912,30.318181818181817,16.387344758552317,3.476055472162173
185,0.5854607574441104,6.0,23.438533900526913,33.064556472650864,23.0,11.089330548650715,2.8221183207274123
186,0.8547081370436871,9.0,34.54138837052692,35.19576877619398,13.0,4.221187228247842,3.1869474879875668
187,0.30660358066846527,3.0,16.477181470526915,32.609641907425925,29.0,15.39094818298863,3.2156248583900577
188,0.6715896772872156,6.904761904761905,24.663499302882805,32.84779782994935,22.035087719298247,10.333946589717485,2.543316976102986
189,0.39234862504500256,4.0,21.903758810526913,34.01850339957287,24.0,12.032181373660606,3.6532077911946033
190,0.48916682286966306,4.916666666666667,19.02652375469358,32.13197863847937,27.0,13.819016744941397,2.6166473723493198
191,0.7833777884311672,8.0,22.902557970526914,31.27246067656977,24.0,11.429742566673298,1.6118609977988427
192,0.48289856800954567,5.0,25.259585130526915,34.58921602256073,21.0,9.956677407365063,3.711622871537756
193,0.9644776743602677,10.0,29.614210610526914,32.41388592254549,18.0,7.2787346340822054,1.7286911584851339
194,0.2256634348799338,2.0,8.979853110526918,30.362631546119893,36.0,20.03297783534913,2.3988740731241336
195,0.5270359389847812,5.340909090909091,20.685520263936006,32.46934333487865,25.5,12.792674587683535,2.6845167836079327
196,0.6742755981407242,7.0,27.54213142219358,33.93793396505728,19.27777777777778,8.550426111260109,3.017455125570521
197,0.3791099078035529,3.84,20.828431334126915,33.70927067391345,25.0,12.697910347456336,3.545277736699745
198,1.5420122345869913,16.0,34.99506751302691,29.866350967714126,14.25,3.9689585929153495,-0.6223893082433847
199,0.1956328187048939,2.0,21.92204698552691,35.601061978364186,23.5,12.012585066396149,4.768673151007846
200,1.164090551907833,12.0,28.34738137935044,30.325972878525896,19.705882352941178,8.072062949645662,0.3846098876290114
201,0.21605363770393637,2.0,13.121355150526917,32.03892928443807,32.0,17.466452149284173,3.157209778046905
202,0.3882301405409976,4.0,23.6786882562412,34.736916715994944,22.285714285714285,10.932241793918486,3.9782088075900788
203,0.5854607574441104,6.0,23.438533900526913,33.064556472650864,23.0,11.089330548650715,2.8221183207274123
204,0.470554457722244,4.8,22.10351864252691,33.46929485497225,24.0,11.91169361226315,3.244938432515454
205,0.30420113137446947,3.0,17.512556980526913,33.02871634200547,28.0,14.749316761472393,3.405208784620754
206,0.2232609855859522,2.0,10.01522862052692,30.781705980699442,35.0,19.391346413832885,2.588457999354816
207,0.615994792535119,6.380952380952381,26.424080928800723,33.97294472413751,20.208333333333332,9.240734372442894,3.156959467798046
208,0.5159867081795824,5.25,21.594658242026913,32.908920387886674,24.6,12.228898099386818,2.901536562520022
209,1.2457373004298802,13.0,35.540187530526914,32.449726053190886,13.0,3.618748421260527,1.145600694591792
210,0.2106943277403701,2.0,15.43103898052691,32.97378763850012,29.76923076923077,16.03512051667103,3.5801277673307936
211,0.5377232754354679,5.5,22.821880638276912,33.208751456600965,23.475,11.469410324744345,2.987234304942305
212,0.6539738269909776,6.75,25.69655976302691,33.38782233124687,21.0,9.693110429308113,2.81853364942711
213,0.5806558588560904,6.0,25.509284920526913,33.902705341809956,21.0,9.806067705618233,3.201286173188805
214,0.5509968077848271,5.5,17.101430945526914,30.89336520554899,29.0,15.01442392862156,1.9397831125177163
215,0.4840742346853091,5.0,24.75291200861202,34.38413704393669,21.48936170212766,10.270667251936842,3.618847758701463
216,0.7665606433731682,8.0,30.15018654052691,34.205981718626575,17.0,6.938322616059629,2.9389484814137177
217,0.6784131497026209,7.0,25.758984710526914,33.21619466105918,21.0,9.65545800387141,2.690949474839883
218,0.21845608699793218,2.0,12.085979640526915,31.61985484985852,33.0,18.108083570800414,2.967625851816223
219,0.4916503475805456,5.0,21.487860058384058,33.06258772516381,24.642857142857142,12.294049014317082,3.020995711697367
220,0.5283883347301241,5.444444444444445,24.490493631471356,33.92788689505666,21.85,10.435126470433055,3.3236602238643513
221,0.6784131497026209,7.0,25.758984710526914,33.21619466105918,21.0,9.65545800387141,2.690949474839883
222,0.8735273231800562,9.0,26.430946875526914,31.91301903865422,20.833333333333332,9.247300030125047,1.7018733991804424
223,0.47998839766798085,4.875,21.216292555526913,33.05111642365884,24.875,12.46182537845884,3.0407772446874333
224,0.4158488547347474,4.166666666666667,18.839248912193582,32.64686164904245,27.0,13.931974021251516,2.9993998961110293
225,0.6966526032684612,7.25,28.493346458026913,34.12604940268966,18.419354838709676,7.9619825551669905,3.05261414213831
226,0.47861793267180985,4.833333333333333,20.041090948860244,32.6082622964548,26.0,13.189936131904066,2.8487593567757585
227,0.21365118840992636,2.0,14.156730660526915,32.45800371901761,31.0,16.824820727767936,3.3467937042776157
228,0.4118806631185805,4.076923076923077,16.74608893668076,31.87032271277124,29.0,15.228753119568971,2.666031490937371
229,0.9644776743602677,10.0,29.614210610526914,32.41388592254549,18.0,7.2787346340822054,1.7286911584851339
230,0.47448999548053905,5.0,28.883399415526917,36.05597654358913,17.5,7.710967432058226,4.375166613345186
231,0.3114084792564711,3.0,14.406430450526916,31.77149303826684,31.0,16.674211026021105,2.836457005928679
232,0.8739277313957103,9.0,26.258384290526912,31.843173299557627,21.0,9.354238600377755,1.6702760781419954
233,0.21124873911594477,2.0,15.192106170526912,32.877078153597154,30.0,16.1831893062517,3.536377630508298
234,1.3544390825046264,14.0,31.073176663860245,29.854098503799968,17.555555555555557,6.3911263064210075,-0.22839611214141087
235,0.2208585362919422,2.0,11.050604130526914,31.200780415278977,34.0,18.749714992316655,2.778041925585512
236,0.3342215678134153,3.4545454545454546,23.83830994507237,35.23111264005056,22.0,10.831069277035489,4.310741115482699
237,0.49224142637510226,5.0,21.23312481386025,32.95948211030694,24.88888888888889,12.451910713261547,2.9743520473072635
238,0.4006539417824513,4.088235294117647,22.06384121293868,34.01380551901919,23.866666666666667,11.93334142612784,3.6334559393475274
239,2.5093747335529173,26.0,41.89241133052691,24.782310507169456,10.0,-0.2640719659969548,-4.920024605252323
240,0.70765737100227,7.25,23.750658638026913,32.206418121712396,23.0,10.90106842146718,2.1841974477912487
241,0.9786521251948415,10.0,23.505495101526915,29.94134675852618,23.9,11.064360021028016,0.6101459937240321
242,0.2280658841739296,2.0,7.944477600526916,29.943557111540347,37.0,20.674609256865367,2.209290146893437
243,0.2208585362919422,2.0,11.050604130526914,31.200780415278977,34.0,18.749714992316655,2.778041925585512
244,0.21076824925714277,2.0,15.399181272526913,32.960893040513064,29.8,16.05486302194845,3.574294415754437
245,0.5821342891908614,6.0,24.87213076052691,33.6448133820687,21.615384615384617,10.20091781116669,3.0846191416622304
246,1.2569487304685367,13.0,30.708435150526913,30.494045358486346,17.666666666666668,6.613028388336311,0.2608757055152182
247,0.3138109285504811,3.0,13.371054940526918,31.352418603687298,32.0,17.315842447537342,2.6468730796979685
248,0.6808155989966451,7.0,24.723609200526916,32.79712022647964,22.0,10.29708942538764,2.501365548609158
249,0.5839735269287587,6.0,24.07948064481263,33.32398350358106,22.38095238095238,10.692130144854943,2.9394797988702237
250,1.8250736976271185,19.0,40.14451280052691,29.58788527242487,10.0,0.7901959462308454,-1.3476677168097524
251,0.28828272331688254,2.7142857142857144,12.264336633384055,31.129490077893678,33.0,18.000505212409827,2.6030996387098355
252,0.5254599678690965,5.3125,20.160738764901915,32.27930926192839,26.0,13.117768983150377,2.6042230221502223
253,0.2522544528602282,2.6666666666666665,25.773232238958286,36.63480014955363,19.941176470588236,9.628725598463014,5.103144422909935
254,0.770164317314169,8.0,28.597123275526915,33.57737006675727,18.5,7.900769748333978,2.654572592067666
255,0.4949108144795389,5.0,20.082707580526915,32.49384384966301,26.0,13.164834514946257,2.763703240384274
256,0.20821406632350659,2.0,16.499948920000598,33.40643533411868,28.736842105263158,15.372707510652237,3.775852063641821
257,0.9803120292573624,10.105263157894736,27.251166698947966,31.374526791331476,20.307692307692307,8.743568877073457,1.2374701378026884
258,0.587863206738092,6.0,22.40315839052691,32.645482038071314,24.0,11.730961970166959,2.63253439449673
259,0.37793392928099934,4.0,28.116011870526915,36.53295000705013,18.0,8.182392844563175,4.790711348578782
260,0.48743652778711066,5.0,23.303875833860246,33.79763097946603,22.88888888888889,11.168647870229073,3.3535198997686564
261,0.34090342094907555,3.4166666666666665,19.353357479693578,33.44563379270779,26.322580645161292,13.61027775395387,3.510580240867725
262,0.886271841683012,9.2,29.414450778526913,32.96309446714611,18.0,7.3992223954796685,2.1369605171642974
263,2.022990728614218,21.0,39.60853687052691,27.795789476343778,11.0,1.1306079642534286,-2.557925039738336
264,1.1671996039353445,12.0,27.007483660526912,29.783641257305305,21.0,8.90240949513727,0.13926598309517146
265,0.3114084792564711,3.0,14.406430450526916,31.77149303826684,31.0,16.674211026021105,2.836457005928679
266,0.3162133778444769,3.0,12.335679430526916,30.933344169107745,33.0,17.957473869053587,2.457289153467272
267,0.3118889691152731,3.0,14.199355348526918,31.68767815135093,31.2,16.802537310324354,2.7985402206825256
268,0.341591793577976,3.3333333333333335,15.525039223860247,31.961730579262785,30.0,15.982376370589261,2.855928699376392
269,0.21571043066192885,2.0,13.269265937669772,32.098797060806575,31.857142857142858,17.374790517639,3.1842931960798637
270,1.547932556061511,16.0,32.44360643481262,28.833631825357394,16.714285714285715,5.550121738794651,-1.089578269311886
271,0.4923793412600759,5.023255813953488,22.159265572387376,33.316027354153476,24.0,11.878069120710364,3.131002797535217
272,0.21605363770393637,2.0,13.121355150526917,32.03892928443807,32.0,17.466452149284173,3.157209778046905
273,0.5904504598239271,6.0,21.288138610526914,32.19417110852412,25.076923076923077,12.421949654876748,2.4283670893252065
274,0.3879930949572099,3.857142857142857,17.726585371955483,32.44027861564766,28.0,14.620222731403686,2.9677773288931064
275,0.5891153307672568,6.111111111111111,26.572404851638026,34.24550081186164,20.0,9.147701872796787,3.334166021825183
276,0.3138109285504811,3.0,13.371054940526918,31.352418603687298,32.0,17.315842447537342,2.6468730796979685
277,0.48289856800954567,5.0,25.259585130526915,34.58921602256073,21.0,9.956677407365063,3.711622871537756
278,1.3466978570017716,14.0,34.40938664052692,31.204449459667394,14.333333333333334,4.323647281535344,0.38248542793525075
279,0.39619254391540437,4.0,20.247157994526912,33.3479843042456,25.6,13.058791648086594,3.349873509225489
280,0.2066040038142063,2.0,17.193832156526913,33.687288727117604,28.066666666666666,14.942701891320304,3.9029065545543205
281,1.343494591276425,14.0,35.789887320526915,31.763215372440115,13.0,3.4681387195136963,0.6352639962428555
282,0.30179868208045946,3.0,18.547932490526915,33.44779077658501,27.0,14.107685339956152,3.594792710851465
283,0.45580789814093237,4.6,19.982827664526912,32.76844812196332,26.0,13.225078395644992,2.9678379197238485
284,0.768963092667164,8.0,29.114811030526916,33.78690728404704,18.0,7.57995403757586,2.7493645551830213
285,0.6007579696535714,6.111111111111111,21.554815841638025,32.21460162889923,24.846153846153847,12.25714645399087,2.415413148553341
286,0.6931597092839468,7.2,27.879675688526913,33.91704139406811,19.0,8.342073220489567,2.968049987631474
287,1.5462165208515017,16.0,33.18316037052691,29.132970707199938,16.0,5.091813580568754,-0.954161179147107
288,0.5950705546200936,6.0,19.297031860526914,31.38825873433269,27.0,13.655856234715667,2.0637826158046266
289,0.4925083651855573,5.0,21.118083090526916,32.91291828424255,25.0,12.523203093430016,2.9532871666149703
290,0.6341147186172549,6.571428571428571,26.68734602481263,33.92948795881763,20.0,9.078373597389522,3.099249128934403
291,0.6443640298149802,6.75,29.83806180302691,35.06412006956505,17.0,7.126584743243157,3.5768693543498955
292,0.7713655419611598,8.0,28.079435520526914,33.36783284946749,19.0,8.221585459092104,2.559780628952325
293,0.5854607574441104,6.0,23.438533900526913,33.064556472650864,23.0,11.089330548650715,2.8221183207274123
294,0.4997157130675447,5.0,18.01195656052691,31.655694980503917,28.0,14.448097357978739,2.384535387922881
295,0.7770151587186547,8.05,27.763630714173257,33.20063005568522,19.317073170731707,8.417499083266009,2.4741518174251524
296,0.6749131832045379,7.0625,29.91609298740191,34.84958548183043,17.0,7.079519211447277,3.417389136115844
297,0.8763301806897061,9.0,25.223008780526914,31.424098864978085,22.0,9.995870021893992,1.480692151911299
298,0.4973132637735489,5.0,19.047332070526913,32.074769415083466,27.0,13.806465936462494,2.574119314153563
299,0.6760107004086393,7.0,26.794360220526915,33.635269095638726,20.0,9.013826582355165,2.880533401070565
300,0.6726149866400419,6.909090909090909,24.40508764533211,32.73979473562906,22.285714285714285,10.494104479745893,2.49359295784771
301,0.21124873911594477,2.0,15.192106170526912,32.877078153597154,30.0,16.1831893062517,3.536377630508298
302,0.6978668811424171,7.2727272727272725,28.933211183254187,34.286187779138515,18.0,7.689488366119008,3.1205185176186063
303,0.8619154849257029,9.0,31.435261840526913,33.93854547245535,16.0,6.146081492796554,2.6181957092954775
304,0.48610183373486393,5.0,23.879084450526918,34.030450109788006,22.333333333333332,10.81218596938671,3.4588443032301655
305,0.21845608699793218,2.0,12.085979640526915,31.61985484985852,33.0,18.108083570800414,2.967625851816223
306,0.5902656560320878,6.0,21.367782880526914,32.22640760349178,25.0,12.37259339168319,2.4429504682660337
307,0.5422431376763797,5.533333333333333,22.286631821860247,32.96585368908835,24.0,11.801246497648805,2.8706915203928958
308,1.3410921419824149,14.0,36.82526283052691,32.18228980701966,12.0,2.826507297997459,0.8248479224735661
309,0.8739277313957103,9.0,26.258384290526912,31.843173299557627,21.0,9.354238600377755,1.6702760781419954
310,0.20575742644393813,2.0,17.558678764812626,33.83496257549325,27.714285714285715,14.716603199928866,3.969712319035608
311,0.21365118840992636,2.0,14.156730660526915,32.45800371901761,31.0,16.824820727767936,3.3467937042776157
312,0.30179868208045946,3.0,18.547932490526915,33.44779077658501,27.0,14.107685339956152,3.594792710851465
313,0.5864217371617002,6.0,23.024383696526915,32.89692669881905,23.4,11.345983117257205,2.7462847502351337
314,0.39715352363299417,4.0,19.833007790526914,33.18035453041378,26.0,13.315444216693088,3.2740399387332104
315,0.5821144887845833,6.0,24.88066407516977,33.6482672922438,21.607142857142858,10.19562964011024,3.086181646548738
316,0.5341796627268138,5.5,24.349059515526914,33.8268862476058,22.0,10.523003978007885,3.266870596132577
317,0.5907589700573936,6.092307692307692,25.067165424520226,33.65105530669098,21.44927536231884,10.080434460987696,3.0690027831171705
318,0.650632284675126,6.666666666666667,23.60500042719358,32.60688268548368,23.0,10.988924080819494,2.4818938551614593
319,0.4019584222210142,4.0,17.762256770526914,32.342205661254695,28.0,14.598707059725562,2.8948720862718176
320,0.6509754917171193,6.666666666666667,23.457089640050725,32.54701490911518,23.142857142857142,11.080585712464668,2.4548104371285007
321,0.5658263333204445,5.75,21.305357933026915,32.398035273679476,25.0,12.410245817119893,2.5705346428532607
322,0.9764899208302609,10.0,24.437333060526914,30.31851374964777,23.0,10.486891741663399,0.7807715273316518
323,0.3072041929919749,3.0,16.218337593026913,32.504873298781035,29.25,15.55135603836769,3.168228876832387
324,0.32237916436395153,3.210526315789474,18.60050086736902,33.30326221221643,27.0,14.075978034325239,3.4873534059358917
325,0.4021658371068213,4.125,22.970346794276914,34.35176399905856,23.0,11.371723739426017,3.7789996301316933
326,0.9124913854287939,9.413793103448276,27.17521767084711,31.88837268444616,20.214285714285715,8.78777837043404,1.6080610711099013
327,0.6863271003181666,7.0,22.348335971703385,31.835714170679502,24.294117647058822,11.769067392395492,2.066437717844636
328,1.25500389056387,13.0,31.54659627766977,30.833296091241213,16.857142857142858,6.09361247568031,0.414348407701965
329,1.250542199017886,13.0,33.46943651052691,31.611577184031795,15.0,4.902011264293009,0.7664328421303992
330,0.9668801236542635,10.0,28.578835100526913,31.994811487965947,19.0,7.920366055598443,1.5391072322544375
331,0.20404139123392895,2.0,18.298232700526913,34.13430145733578,27.0,14.25829504170298,4.105129409200401
332,0.6760107004086393,7.0,26.794360220526915,33.635269095638726,20.0,9.013826582355165,2.880533401070565
333,0.30179868208045946,3.0,18.547932490526915,33.44779077658501,27.0,14.107685339956152,3.594792710851465
334,0.7713655419611598,8.0,28.079435520526914,33.36783284946749,19.0,8.221585459092104,2.559780628952325
335,0.39234862504500256,4.0,21.903758810526913,34.01850339957287,24.0,12.032181373660606,3.6532077911946033
336,0.6310360350881155,6.5,24.987025121776913,33.29752847982235,21.625,10.131782493192475,2.8276278701201534
337,0.2208585362919422,2.0,11.050604130526914,31.200780415278977,34.0,18.749714992316655,2.778041925585512
338,0.4569808149631456,4.75,25.834314343026914,35.018735652489674,20.384615384615383,9.599479727253318,3.955874077651572
339,0.30660358066846527,3.0,16.477181470526915,32.609641907425925,29.0,15.39094818298863,3.2156248583900577
340,0.7713655419611598,8.0,28.079435520526914,33.36783284946749,19.0,8.221585459092104,2.559780628952325
341,0.7520441488448455,7.777777777777778,26.98857116830469,33.10131634394368,20.0,8.896685703218743,2.4836048579102794
342,1.5366067236755043,16.0,37.32466241052691,30.809268445518107,12.0,2.525287894503805,-0.1958254742243355
343,0.21365118840992636,2.0,14.156730660526915,32.45800371901761,31.0,16.824820727767936,3.3467937042776157
344,0.7697639090985149,8.0,28.769685860526916,33.647215805853854,18.333333333333332,7.793831178081277,2.686169913106113
345,0.8667203835137087,9.0,29.364510820526913,33.10039660329626,18.0,7.429344335829036,2.2390278568340847
346,0.8419378537600721,8.75,29.44999666016977,33.331892049852456,17.857142857142858,7.3753351296205665,2.3936954494542704
347,0.39234862504500256,4.0,21.903758810526913,34.01850339957287,24.0,12.032181373660606,3.6532077911946033
348,0.2772938842720549,2.6666666666666665,14.982072511739034,32.2670136629465,30.363636363636363,16.316103355335475,3.1272135554039124
349,0.45323951693828235,4.5,16.851731155526917,31.579875886299767,29.0,15.165033630368384,2.450119810866653
350,0.7690460586214982,8.05,31.198047040026914,34.59073061916859,16.0,6.289160709456041,3.10301557272696
351,0.30660358066846527,3.0,16.477181470526915,32.609641907425925,29.0,15.39094818298863,3.2156248583900577
352,0.3090060299624753,3.0,15.441805960526914,32.19056747284638,30.0,16.03257960450487,3.0260409321593613
353,0.4901059158915473,5.0,22.15345860052691,33.33199271882209,24.0,11.881571671913782,3.1428710928456667
354,0.3123653870796659,3.1818181818181817,21.699458982345092,34.58019395655077,24.0,12.155407493271653,4.070755998934644
